<?xml version="1.0" encoding="utf-8"?>
<ManagementPack SchemaVersion="2.0" ContentReadable="true" xmlns:xsd="http://www.w3.org/2001/XMLSchema">
  <Manifest>
    <Identity>
      <ID>P2P.OMSAdministration.Discoveries</ID>
      <Version>1.1.5.3</Version>
    </Identity>
    <Name>P2P.OMSAdministration.Discoveries</Name>
    <References>
      <Reference Alias="SC">
        <ID>Microsoft.SystemCenter.Library</ID>
        <Version>7.0.8433.0</Version>
        <PublicKeyToken>31bf3856ad364e35</PublicKeyToken>
      </Reference>
      <Reference Alias="Windows">
        <ID>Microsoft.Windows.Library</ID>
        <Version>7.5.8501.0</Version>
        <PublicKeyToken>31bf3856ad364e35</PublicKeyToken>
      </Reference>
      <Reference Alias="System">
        <ID>System.Library</ID>
        <Version>7.5.8501.0</Version>
        <PublicKeyToken>31bf3856ad364e35</PublicKeyToken>
      </Reference>
      <Reference Alias="P2PAdmin">
        <ID>P2P.OMSAdministration</ID>
        <Version>1.3.2.3</Version>
        <PublicKeyToken>4f5cc0b37933bfad</PublicKeyToken>
      </Reference>
    </References>
  </Manifest>
  <TypeDefinitions>
    <ModuleTypes>
      <WriteActionModuleType ID="P2P.OMSAdministration.Discoveries.GenerateMP" Accessibility="Internal" RunAs="P2PAdmin!P2P.OMSAdministration.SDKRunAs" Batching="false">
        <Configuration>
          <xsd:element name="SolutionName" type="xsd:string" xmlns:xsd="http://www.w3.org/2001/XMLSchema" />
          <xsd:element name="ShouldCreateGroups" type="xsd:string" xmlns:xsd="http://www.w3.org/2001/XMLSchema" />
          <xsd:element name="ShouldOverrideAtClass" type="xsd:string" xmlns:xsd="http://www.w3.org/2001/XMLSchema" />
          <xsd:element name="SolutionID" type="xsd:string" xmlns:xsd="http://www.w3.org/2001/XMLSchema" />
        </Configuration>
        <OverrideableParameters>
          <OverrideableParameter ID="GroupCreationOverride" Selector="$Config/ShouldCreateGroups$" ParameterType="string" />
          <OverrideableParameter ID="ClassOverrideOverride" Selector="$Config/ShouldOverrideAtClass$" ParameterType="string" />
        </OverrideableParameters>
        <ModuleImplementation Isolation="Any">
          <Composite>
            <MemberModules>
              <WriteAction ID="WA" TypeID="Windows!Microsoft.Windows.PowerShellWriteAction">
                <ScriptName>GenerateOMSPacks.PS1</ScriptName>
                <ScriptBody><![CDATA[Param([String]$SolutionName,$ShouldCreateGroups,$ShouldOverrideAtClass,$SolutionEleID)

$Error.Clear()
function MakeNewGroup([String]$GrpID,[String]$GrpDispName)
    {
        $document = new-object System.Xml.XMLDocument
        $rootElement = $document.CreateElement("Configuration")
        $document.AppendChild($rootElement) | Out-Null
        $membershipRuleElement = $document.CreateElement("MembershipRule")
        $membershipClassElement = $document.CreateElement("MonitoringClass")
        $membershipRelationshipElement = $document.CreateElement("RelationshipClass")
        $membershipExpressionElement = $document.CreateElement("Expression")
        $membershipClassElement.set_InnerText("`$MPEl"+"ement[Name=`"Windows!Microsoft.Windows.Computer`"]`$")  | Out-Null
        $membershipRelationshipElement.set_InnerText("`$MPEl"+"ement[Name=`"InstanceGroup!Microsoft.SystemCenter.InstanceGroupContainsEntities`"]`$")  | Out-Null
        $membershipExpressionElement.set_InnerXML("<SimpleExpression><ValueExpression><Value>True</Value></ValueExpression><Operator>Equal</Operator><ValueExpression><Value>False</Value></ValueExpression></SimpleExpression>")
        $rootElement.AppendChild($membershipRuleElement)  | Out-Null
        $membershipRuleElement.AppendChild($membershipClassElement) | Out-Null
        $membershipRuleElement.AppendChild($membershipRelationshipElement) | Out-Null
        $membershipRuleElement.AppendChild($membershipExpressionElement) | Out-Null
        $formula=$rootElement.get_InnerXml()

        [Microsoft.EnterpriseManagement.CreatableObjectGroup]$GroupObj = new-object Microsoft.EnterpriseManagement.Monitoring.CustomMonitoringObjectGroup($MPID,$GrpID,$GrpDispName,$formula)
        [Microsoft.EnterpriseManagement.Configuration.ManagementPackReferenceCollection]$newReferences = new-object Microsoft.EnterpriseManagement.Configuration.ManagementPackReferenceCollection
        $newReferences.Add("Windows",$windowsManagementPack)
        $newReferences.Add("InstanceGroup",$instanceGroupManagementPack)
        $MP.InsertCustomMonitoringObjectGroup($GroupObj,$newReferences)
                

    }

function OverrideMonitorClassLevel($Monitor)
	{
		$Target= Get-SCOMClass -id $Monitor.Target.id
		[String]$overridename=$Monitor.name+".Override"
		$override = New-Object Microsoft.EnterpriseManagement.Configuration.ManagementPackMonitorPropertyOverride($MP,$overridename)
		$override.Monitor = $Monitor
		$Override.Property = 'Enabled'
		$override.Value = 'false'
		$override.Context = $Target
		$override.DisplayName = $overridename
		$MonMsgName = $Monitor.Name
		Write-EventLog -LogName 'OMS Admin Extensions' -Source OMSAdminSetup -EntryType Information -EventId 5330 -Message "Overriding $MonMsgName for the class, setting to disabled" -Category 50
	}

function OverrideMonitorForGroup($Monitor,[String]$GroupID,[String]$EnableSetting,[Boolean]$Enforce=$false)
	{
		$Target= Get-SCOMClass -Name $GroupID
		[String]$overridename=$Monitor.name+".Override.For$GroupID"
		$override = New-Object Microsoft.EnterpriseManagement.Configuration.ManagementPackMonitorPropertyOverride($MP,$overridename)
		$override.Monitor = $Monitor
		$Override.Property = 'Enabled'
		$override.Value = $EnableSetting
		$override.Context = $Target
		$override.DisplayName = $overridename
		$override.Enforced = $Enforce
		$MonMsgName = $Monitor.Name
		Write-EventLog -LogName 'OMS Admin Extensions' -Source OMSAdminSetup -EntryType Information -EventId 5330 -Message "Overriding $MonMsgName with setting for $EnableSetting for $GroupID" -Category 50
	}

Function OverrideRuleClassLevel($Rule)
	{
		$Target= Get-SCOMClass -id $rule.Target.id
		$overridename=$rule.name+".Override"
		$override = New-Object Microsoft.EnterpriseManagement.Configuration.Management`PackRulePropertyOverride($MP,$overridename)
		$override.Rule = $rule
		$Override.Property = 'Enabled'
		$override.Value = 'false'
		$override.Context = $Target
		$override.DisplayName = $overridename
		$RuleMsgName = $rule.Name
		Write-EventLog -LogName 'OMS Admin Extensions' -Source OMSAdminSetup -EntryType Information -EventId 5321 -Message "Overriding $RuleMsgName for the class, set to disabled" -Category 50
	}

Function OverrideRuleForGroup($Rule,[String]$GroupID,[String]$EnableSetting,[Boolean]$Enforce=$false)
	{
		$Target= Get-SCOMClass -Name $GroupID
		$overridename=$rule.name+".Override.For$GroupID"
		$override = New-Object Microsoft.EnterpriseManagement.Configuration.Management`PackRulePropertyOverride($MP,$overridename)
		$override.Rule = $rule
		$Override.Property = 'Enabled'
		$override.Value = $EnableSetting
		$override.Context = $Target
		$override.DisplayName = $overridename
		$override.Enforced = $Enforce
		$RuleMsgName = $rule.Name
		Write-EventLog -LogName 'OMS Admin Extensions' -Source OMSAdminSetup -EntryType Information -EventId 5320 -Message "Overriding $RuleMsgName with setting for $EnableSetting for $GroupID" -Category 50
	}

function OverrideMPItems ([String]$MPFullName, [String]$EnableGroupID, [String]$DisableGroupID)
	{
		$MPToOverride = $MG.GetManagementPacks($MPFullName)
		$MPToOverride.GetRules() | % {
			OverrideRuleClassLevel -Rule $_
			OverrideRuleForGroup -Rule $_ -GroupID $EnableGroupID -EnableSetting 'true'
			OverrideRuleForGroup -Rule $_ -GroupID $DisableGroupID -EnableSetting 'false' -Enforce $true
		}
		$MPToOverride.GetMonitors() | % {
			OverrideMonitorClassLevel -Monitor $_
			OverrideMonitorForGroup -Monitor $_ -GroupID $EnableGroupID -EnableSetting 'true'
			OverrideMonitorForGroup -Monitor $_ -GroupID $DisableGroupID -EnableSetting 'false' -Enforce $true
		}


	}

function MakeAllOverrides ()
	{
		$SolutionInstance = Get-SCOMClassInstance -Id $SolutionEleId
		[GUID]$MPHostedByMPBID = 'd2510f2d-fb66-1255-3bb0-f97fb91f1acb'
		[System.Collections.ArrayList]$MPsToOverride = New-Object -TypeName System.Collections.ArrayList
		$RelatedItems = $SolutionInstance.GetMonitoringRelationshipObjects()| % {($_.TargetObject).GetMonitoringRelationshipObjects()}
		$MonitoringTargets = $RelatedItems  | ? {$_.MonitoringRelationshipClassId -eq $MPHostedByMPBID} | Select TargetObject
		ForEach ($Targ in $MonitoringTargets)
			{
				$MPsToOverride.Add(($Targ.TargetObject.Values | ? {$_.Type.ToString() -match 'MPName'}).ToString())        
			}
		[String[]]$UniqueMPs = $MPsToOverride | Select -Unique

		$EnableGroupID = "$MPID.EnableSolutionGroup"
        $DisableGroupID = "$MPID.DisableSolutionGroup"

		ForEach($MPFullName in $UniqueMPs)
			{
				OverrideMPItems $MPFullName $EnableGroupID $DisableGroupID
			}

		$MP.Verify()
		$MP.AcceptChanges()
			
	}

Write-EventLog -LogName 'OMS Admin Extensions' -Source OMSAdminSetup -EntryType Information -EventId 5000 -Message "Starting Override Pack checks for $SolutionName" -Category 50
#Try and Cast, cross fingers 
[Bool]$BoolCreateGroups = [System.Boolean]::Parse($ShouldCreateGroups)
[Bool]$BoolShouldOverride = [System.Boolean]::Parse($ShouldOverrideAtClass)

$CleanDisplayName = $SolutionName.Replace('.','')
$MPID = "P2P.OMSAdministration.SolutionControl.$CleanDisplayName"
$MPName = (($MPID.Replace('.',' '))).Replace('SolutionControl','Solution Override Control -')

Write-EventLog -LogName 'OMS Admin Extensions' -Source OMSAdminSetup -EntryType Information -EventId 5100 -Message "Determined that the Pack Name would be $MPID for $SolutionName" -Category 50

#Add Snapin then Connect Locally
Add-PSSnapin Microsoft.EnterpriseManagement.OperationsManager.Client
$MG = New-Object Microsoft.EnterpriseManagement.ManagementGroup('localhost')

#Load Modual and connect TOO
Import-Module OperationsManager -ErrorAction SilentlyContinue
$setupKey = Get-Item -Path "HKLM:\Software\Microsoft\Microsoft Operations Manager\3.0\Setup"
$installDirectory = $setupKey.GetValue("InstallDirectory") | Split-Path
$psmPath = $installdirectory + ‘\Powershell\OperationsManager\OperationsManager.psm1’
Import-Module $psmPath -ErrorAction SilentlyContinue

New-SCOMManagementGroupConnection 'localhost' -ErrorAction Stop

#Create Store and Pack
$MPStore = New-Object Microsoft.EnterpriseManagement.Configuration.IO.ManagementPackFileStore
$MP = New-Object Microsoft.EnterpriseManagement.Configuration.ManagementPack($MPID, $MPName, (New-Object Version(1, 0, 0)), $MPStore)
$FoundMP = $null
Try
    {
    #Before we go further, check for Installed Pack
    $FoundMP = $MG.GetManagementPacks($MPID)
    $PackInstallDate = $FoundMP.TimeCreated.ToLocalTime().ToString()
    Write-EventLog -LogName 'OMS Admin Extensions' -Source OMSAdminSetup -EntryType Information -EventId 5150 -Message "We found the pack $MPID for $SolutionName, it was installed on $PackInstallDate" -Category 50
    }
Catch
    {
        Write-EventLog -LogName 'OMS Admin Extensions' -Source OMSAdminSetup -EntryType Information -EventId 5151 -Message "We did not find the pack $MPID for $SolutionName, Time to make it" -Category 50
    }
If ($FoundMP -eq $null)
    {
        #time to get to work
        #Modify Then Import the MP
        $MP.DisplayName = $MPName
        $MP.Description = "Auto Generated Management Pack!  This pack contains groups and overrides that allow for more granular control of OMS Solutions"
        $MP.AcceptChanges()
        Write-EventLog -LogName 'OMS Admin Extensions' -Source OMSAdminSetup -EntryType Information -EventId 5210 -Message "$MPID Created, Adding to the ManagementGroup" -Category 50
        $MG.ImportManagementPack($MP)
        Write-EventLog -LogName 'OMS Admin Extensions' -Source OMSAdminSetup -EntryType Information -EventId 5220 -Message "$MPID Added to the ManagementGroup, Sleeping for a minute and then, atempting to retrive the Live Object" -Category 50
        sleep -Seconds 60
		#Reconnecting as sometimes it doesn't find out pack.
		$MG = New-Object Microsoft.EnterpriseManagement.ManagementGroup('localhost')
		$MP = $MG.GetManagementPacks($MPID)[0]
		$ReturnedMPName = $MP.DisplayName
		Write-EventLog -LogName 'OMS Admin Extensions' -Source OMSAdminSetup -EntryType Information -EventId 5221 -Message "Done Naping for $MPID, the Display name of the Returned MP was $ReturnedMPName" -Category 50
        $windowsManagementPack = $mg.GetManagementPack([Microsoft.EnterpriseManagement.Configuration.SystemManagementPack]::Windows)
        $instanceGroupManagementPack = $mg.GetManagementPack([Microsoft.EnterpriseManagement.Configuration.SystemManagementPack]::Group)
        Write-EventLog -LogName 'OMS Admin Extensions' -Source OMSAdminSetup -EntryType Information -EventId 5230 -Message "We were able to get all the required resources to proceed with $MPID creation" -Category 50

        If ($BoolCreateGroups)
            {
                Write-EventLog -LogName 'OMS Admin Extensions' -Source OMSAdminSetup -EntryType Information -EventId 5250 -Message "Creating the Enable and Disable groups for $MPID" -Category 50
                #Time to create our Stub Groups
                $EnableGroupID = "EnableSolutionGroup"
                $DisableGroupID = "DisableSolutionGroup"
                $EnableGroupDisplayName = "$SolutionName Enable Solution workflows Group"
                $DisableGroupDisplayName = "$SolutionName Disable Solution workflows Group"
                
                MakeNewGroup $EnableGroupID $EnableGroupDisplayName 
                MakeNewGroup $DisableGroupID $DisableGroupDisplayName
                Write-EventLog -LogName 'OMS Admin Extensions' -Source OMSAdminSetup -EntryType Information -EventId 5250 -Message "Both the Enable and Disable groups for $MPID have been created" -Category 50
				$MP.Verify()
				$MP.AcceptChanges()
            }
		If ($BoolShouldOverride)
			{
				MakeAllOverrides
			}
        Write-EventLog -LogName 'OMS Admin Extensions' -Source OMSAdminSetup -EntryType Information -EventId 5510 -Message "Management Pack Process is Completed for: $SolutionName" -Category 50
    }
Else
    {
		If ($BoolShouldOverride)
			{
				$MP = $MG.GetManagementPacks($MPID)[0]
				MakeAllOverrides
			}
        Write-EventLog -LogName 'OMS Admin Extensions' -Source OMSAdminSetup -EntryType Information -EventId 5501 -Message "Management Pack Process is Completed for: $SolutionName" -Category 50
    }


[string]$ErrorCount = $Error.Count
$EVTMessage = "Completed Pack Generation; The error count was $ErrorCount;"
Write-EventLog -LogName 'OMS Admin Extensions' -Source OMSAdminSetup -EntryType Information -EventId 5001 -Message $EVTMessage
If ($Error -ne'0')
	{
		ForEach ($ER in $Error)
			{
				$ERString = $ER.tostring()
				$EVTMessage = "Pack Generation Error: $ERString;"
				Write-EventLog -LogName 'OMS Admin Extensions' -Source OMSAdminSetup -EntryType Error -EventId 5090 -Message $EVTMessage
			}
	}
]]></ScriptBody>
                <Parameters>
                  <Parameter>
                    <Name>SolutionName</Name>
                    <Value>$Config/SolutionName$</Value>
                  </Parameter>
                  <Parameter>
                    <Name>ShouldCreateGroups</Name>
                    <Value>$Config/ShouldCreateGroups$</Value>
                  </Parameter>
                  <Parameter>
                    <Name>ShouldOverrideAtClass</Name>
                    <Value>$Config/ShouldOverrideAtClass$</Value>
                  </Parameter>
                  <Parameter>
                    <Name>SolutionEleID</Name>
                    <Value>$Config/SolutionID$</Value>
                  </Parameter>
                </Parameters>
                <TimeoutSeconds>1800</TimeoutSeconds>
              </WriteAction>
            </MemberModules>
            <Composition>
              <Node ID="WA" />
            </Composition>
          </Composite>
        </ModuleImplementation>
        <InputType>System!System.BaseData</InputType>
      </WriteActionModuleType>
    </ModuleTypes>
  </TypeDefinitions>
  <Monitoring>
    <Discoveries>
      <Discovery ID="P2P.OMSAdministration.Discoveries.DiscoverBundles" Enabled="true" Target="P2PAdmin!P2P.OMSAdministration.Classes.OMSInstallation" ConfirmDelivery="false" Remotable="true" Priority="Normal">
        <Category>Discovery</Category>
        <DiscoveryTypes>
          <DiscoveryClass TypeID="P2PAdmin!P2P.OMSAdministration.Classes.OMSManagementPackBundle" />
        </DiscoveryTypes>
        <DataSource ID="DS_PS" TypeID="Windows!Microsoft.Windows.TimedPowerShell.DiscoveryProvider">
          <IntervalSeconds>900</IntervalSeconds>
          <SyncTime />
          <ScriptName>DiscoverOMSMps.ps1</ScriptName>
          <ScriptBody>Param($sourceId, $managedEntityId,[string]$certificateString,[string]$proxyUserName,[string]$proxyUserPassword,[string]$proxyUserDomain,$FilePaths,$DiscoveryType)

function GetPathandLoadLibrary([String]$FilePaths,[String]$LibName)
    {
        Try
            {
                [String]$LibraryLocation
                $FilePathArray = $FilePaths.Split(",")
                $DllPath = $FilePathArray | ? {$_ -match $LibName}
                If ($DllPath.Length -lt 5) {Throw "Can't find the file path"}
                Else
                    {
                        $DLLBytes = [System.IO.File]::ReadAllBytes($DllPath)
                        [System.Reflection.Assembly]::Load($DLLBytes)
                    }
            }
        Catch
            {
                $api.LogScriptEvent("DiscoverOMSMPs.ps1",2000,1,"Failed to get Library $_")
            }
    }

Function DiscoverMP([Microsoft.AttachedServices.WebService.ManagementPackInfo]$OMSPack, [Microsoft.AttachedServices.WebService.ManagementPackBundleInfo]$MPBundle)
    {
		$LocalPack = Get-SCOMManagementPack -Name $OMSPack.Name
		If($LocalPack)	
			 {
				$LocalPackVer = $LocalPack.Version.ToString()
			 }		
		Else
			{
			$LocalPackVer = 'Not Installed'
			}

		If ($MPBundle.IsDynamic)
			{
				$SolutionName = 'DynamicPacks'
				$SolutionURL = 'N/A'
			}
		Else
			{			
				$SolutionName = ($MPBundle.downloadURL.Segments[3]).Replace('/','')
				$SolutionURL = (($MPBundle.downloadURL.OriginalString).Replace($MPBundle.name,''))
			}

		$PrettyName = ($OMSPack.Name).Replace('Microsoft.IntelligencePacks.','').Replace('.mp','')

		#$api.LogScriptEvent("DiscoverOMSMPs.ps1",2200,0,"Discovering ManagementPack $PrettyName")
		$PrincipalName = (Get-WmiObject win32_computersystem).DNSHostName+"."+(Get-WmiObject win32_computersystem).Domain
		[string]$EVTMessage = "Discovering ManagementPack $PrettyName within $SolutionName"
		Write-EventLog -LogName 'OMS Admin Extensions' -Source OMSAdminScript -EntryType Information -EventId 2630 -Message $EVTMessage


        $instanceOMS_MP = $discoveryData.CreateClassInstance("$MPElement[Name='P2PAdmin!P2P.OMSAdministration.Classes.OMSManagementPack']$")
		$instanceOMS_MP.AddProperty("$MPElement[Name='Windows!Microsoft.Windows.Computer']/PrincipalName$",$PrincipalName)
		$instanceOMS_MP.AddProperty("$MPElement[Name='P2PAdmin!P2P.OMSAdministration.Classes.OMSSolution']/URLPath$",$SolutionURL)
		$instanceOMS_MP.AddProperty("$MPElement[Name='P2PAdmin!P2P.OMSAdministration.Classes.OMSManagementPackBundle']/MPBName$",$MPBundle.Name.ToString())
		$instanceOMS_MP.AddProperty("$MPElement[Name='System!System.Entity']/DisplayName$",$PrettyName)
		$instanceOMS_MP.AddProperty("$MPElement[Name='P2PAdmin!P2P.OMSAdministration.Classes.OMSManagementPack']/MPName$",$OMSPack.Name)
        $instanceOMS_MP.AddProperty("$MPElement[Name='P2PAdmin!P2P.OMSAdministration.Classes.OMSManagementPack']/InstalledVersion$",$LocalPackVer)
		$instanceOMS_MP.AddProperty("$MPElement[Name='P2PAdmin!P2P.OMSAdministration.Classes.OMSManagementPack']/ReleasedVersion$",$OMSPack.Version.ToString())
        $instanceOMS_MP.AddProperty("$MPElement[Name='P2PAdmin!P2P.OMSAdministration.Classes.OMSManagementPack']/PublicKeyToken$",$OMSPack.PublicKeyToken.ToString())
		$discoveryData.AddInstance($instanceOMS_MP)

		$BundleName = ($MPBundle.Name.ToString().Replace('.mpb',''))
		$SolutionName = ($MPBundle.downloadURL.Segments[3]).Replace('/','')
		$SolutionURL = (($MPBundle.downloadURL.OriginalString).Replace($MPBundle.name,''))

		$instanceOMS_MPB = $discoveryData.CreateClassInstance("$MPElement[Name='P2PAdmin!P2P.OMSAdministration.Classes.OMSManagementPackBundle']$")
		$instanceOMS_MPB.AddProperty("$MPElement[Name='Windows!Microsoft.Windows.Computer']/PrincipalName$",$PrincipalName)
		$instanceOMS_MPB.AddProperty("$MPElement[Name='System!System.Entity']/DisplayName$",$BundleName)
		$instanceOMS_MPB.AddProperty("$MPElement[Name='P2PAdmin!P2P.OMSAdministration.Classes.OMSSolution']/URLPath$",$SolutionURL)
		$instanceOMS_MPB.AddProperty("$MPElement[Name='P2PAdmin!P2P.OMSAdministration.Classes.OMSManagementPackBundle']/MPBName$",$MPBundle.Name.ToString())

		$MPBHostMPRelationship = $discoveryData.CreateRelationshipInstance("$MPElement[Name='P2PAdmin!P2P.OMSAdministration.Relationships.BundleHostsManagementPacks']$")
        $MPBHostMPRelationship.Source = $instanceOMS_MPB
        $MPBHostMPRelationship.Target = $instanceOMS_MP
        $discoveryData.AddInstance($MPBHostMPRelationship)


    }

Function DiscoveryBundle([Microsoft.AttachedServices.WebService.ManagementPackBundleInfo]$MPBundle)
	{

		$BundleName = ($MPBundle.Name.ToString().Replace('.mpb','')).Replace('Microsoft.IntelligencePacks.','')
		If ($MPBundle.IsDynamic)
			{
				$SolutionName = 'DynamicPacks'
				$SolutionURL = 'N/A'
			}
		Else
			{			
				$SolutionName = ($MPBundle.downloadURL.Segments[3]).Replace('/','')
				$SolutionURL = (($MPBundle.downloadURL.OriginalString).Replace($MPBundle.name,''))
			}
		$BundleURL = $MPBundle.DownloadURL.ToString()
		#$api.LogScriptEvent("DiscoverOMSMPs.ps1",2200,0,"Discovering Bundle $SolutionName with URL $BundleURL")
		
		[string]$EVTMessage = "Discovering Bundle $SolutionName with URL $BundleURL"
		Write-EventLog -LogName 'OMS Admin Extensions' -Source OMSAdminScript -EntryType Information -EventId 2620 -Message $EVTMessage

		$PrincipalName = (Get-WmiObject win32_computersystem).DNSHostName+"."+(Get-WmiObject win32_computersystem).Domain

		$instanceOMS_MPB = $discoveryData.CreateClassInstance("$MPElement[Name='P2PAdmin!P2P.OMSAdministration.Classes.OMSManagementPackBundle']$")
		$instanceOMS_MPB.AddProperty("$MPElement[Name='System!System.Entity']/DisplayName$",$BundleName)
		$instanceOMS_MPB.AddProperty("$MPElement[Name='Windows!Microsoft.Windows.Computer']/PrincipalName$",$PrincipalName)
		$instanceOMS_MPB.AddProperty("$MPElement[Name='P2PAdmin!P2P.OMSAdministration.Classes.OMSSolution']/URLPath$",$SolutionURL)
		$instanceOMS_MPB.AddProperty("$MPElement[Name='P2PAdmin!P2P.OMSAdministration.Classes.OMSManagementPackBundle']/MPBName$",$MPBundle.Name.ToString())
		$instanceOMS_MPB.AddProperty("$MPElement[Name='P2PAdmin!P2P.OMSAdministration.Classes.OMSManagementPackBundle']/DownloadURL$",$MPBundle.DownloadURL.ToString())
		$instanceOMS_MPB.AddProperty("$MPElement[Name='P2PAdmin!P2P.OMSAdministration.Classes.OMSManagementPackBundle']/IsDynamic$",$MPBundle.IsDynamic.ToString())
		$instanceOMS_MPB.AddProperty("$MPElement[Name='P2PAdmin!P2P.OMSAdministration.Classes.OMSManagementPackBundle']/IsDisabled$",$MPBundle.IsDisabled.ToString())
		$discoveryData.AddInstance($instanceOMS_MPB)

		$instanceOMS_Solution = $discoveryData.CreateClassInstance("$MPElement[Name='P2PAdmin!P2P.OMSAdministration.Classes.OMSSolution']$")
		$instanceOMS_Solution.AddProperty("$MPElement[Name='Windows!Microsoft.Windows.Computer']/PrincipalName$",$PrincipalName)
		$instanceOMS_Solution.AddProperty("$MPElement[Name='System!System.Entity']/DisplayName$",$SolutionName)
		$instanceOMS_Solution.AddProperty("$MPElement[Name='P2PAdmin!P2P.OMSAdministration.Classes.OMSSolution']/URLPath$",$SolutionURL)
        

		$SolutionHostMPBRelationship = $discoveryData.CreateRelationshipInstance("$MPElement[Name='P2PAdmin!P2P.OMSAdministration.Relationships.SolutionHostsManagementPackBundle']$")
        $SolutionHostMPBRelationship.Source = $instanceOMS_Solution
        $SolutionHostMPBRelationship.Target = $instanceOMS_MPB
        $discoveryData.AddInstance($SolutionHostMPBRelationship)

	}

Function DiscoverSolution([Microsoft.AttachedServices.WebService.ManagementPackBundleInfo]$MPBundle)
	{
		If ($MPBundle.IsDynamic)
			{
				$SolutionName = 'DynamicPacks'
				$SolutionURL = 'N/A'
			}
		Else
			{			
				$SolutionName = ($MPBundle.downloadURL.Segments[3]).Replace('/','')
				$SolutionURL = (($MPBundle.downloadURL.OriginalString).Replace($MPBundle.name,''))
			}

		#$api.LogScriptEvent("DiscoverOMSMPs.ps1",2200,0,"Discovering Solution $SolutionName with URL $SolutionURL")
		
		[string]$EVTMessage = "Discovering Solution $SolutionName with URL $SolutionURL"
		Write-EventLog -LogName 'OMS Admin Extensions' -Source OMSAdminScript -EntryType Information -EventId 2610 -Message $EVTMessage
		$PrincipalName = (Get-WmiObject win32_computersystem).DNSHostName+"."+(Get-WmiObject win32_computersystem).Domain

		$instanceOMS_Solution = $discoveryData.CreateClassInstance("$MPElement[Name='P2PAdmin!P2P.OMSAdministration.Classes.OMSSolution']$")
		$instanceOMS_Solution.AddProperty("$MPElement[Name='Windows!Microsoft.Windows.Computer']/PrincipalName$",$PrincipalName)
		$instanceOMS_Solution.AddProperty("$MPElement[Name='System!System.Entity']/DisplayName$",$SolutionName)
		$instanceOMS_Solution.AddProperty("$MPElement[Name='P2PAdmin!P2P.OMSAdministration.Classes.OMSSolution']/URLPath$",$SolutionURL)
        $discoveryData.AddInstance($instanceOMS_Solution)

		$instanceOMS_Installation = $discoveryData.CreateClassInstance("$MPElement[Name='P2PAdmin!P2P.OMSAdministration.Classes.OMSInstallation']$")
		$instanceOMS_Installation.AddProperty("$MPElement[Name='Windows!Microsoft.Windows.Computer']/PrincipalName$",$PrincipalName)
		$instanceOMS_Installation.AddProperty("$MPElement[Name='System!System.Entity']/DisplayName$","Operations Manager Administration")
		$discoveryData.AddInstance($instanceOMS_Installation)

		$InstanceRMS = $discoveryData.CreateClassInstance("$MPElement[Name='Windows!Microsoft.Windows.Computer']$")
		$InstanceRMS.AddProperty("$MPElement[Name='Windows!Microsoft.Windows.Computer']/PrincipalName$",$PrincipalName)

		$instanceRMSOMSHost = $discoveryData.CreateRelationshipInstance("$MPElement[Name='P2PAdmin!P2P.OMSAdministration.RMSHostsInstallation']$")
        $instanceRMSOMSHost.Source = $InstanceRMS
        $instanceRMSOMSHost.Target = $instanceOMS_Installation
        $discoveryData.AddInstance($instanceRMSOMSHost)

        $instanceOMSHostRelationship = $discoveryData.CreateRelationshipInstance("$MPElement[Name='P2PAdmin!P2P.OMSAdministration.Relationships.OMSInstallationHostsSolution']$")
        $instanceOMSHostRelationship.Source = $instanceOMS_Installation
        $instanceOMSHostRelationship.Target = $instanceOMS_Solution
        $discoveryData.AddInstance($instanceOMSHostRelationship)
	}

$api = New-Object -comObject 'MOM.ScriptAPI'
$discoveryData = $api.CreateDiscoveryData(0, $SourceId, $ManagedEntityId)

#$api.LogScriptEvent("DiscoverOMSMPs.ps1",2202,0,"Discovery is running with type $DiscoveryType")
[string]$EVTMessage = 'Begining OMS Object Discovery'
Write-EventLog -LogName 'OMS Admin Extensions' -Source OMSAdminScript -EntryType Information -EventId 2800 -Message $EVTMessage

$Error.Clear()

GetPathandLoadLibrary -FilePaths $FilePaths -LibName 'Microsoft.SystemCenter.Advisor.Common.dll'
GetPathandLoadLibrary -FilePaths $FilePaths -LibName 'Microsoft.SystemCenter.Advisor.Core.Module.dll'

Import-Module OperationsManager -ErrorAction SilentlyContinue
$setupKey = Get-Item -Path "HKLM:\Software\Microsoft\Microsoft Operations Manager\3.0\Setup"
$installDirectory = $setupKey.GetValue("InstallDirectory") | Split-Path
$psmPath = $installdirectory + ‘\Powershell\OperationsManager\OperationsManager.psm1’
Import-Module $psmPath -ErrorAction SilentlyContinue

New-SCOMManagementGroupConnection 'localhost' -ErrorAction Stop

[Microsoft.EnterpriseManagement.ManagementGroup] $managementGroup = Get-SCOMManagementGroup;
[Microsoft.SystemCenter.Advisor.Core.WebService.IntelligenceServiceSettings]$Settings = New-Object Microsoft.SystemCenter.Advisor.Core.WebService.IntelligenceServiceSettings($ManagementGroup, $certificateString, $proxyUserDomain, $proxyUserName, $proxyUserPassword)
$Client = New-Object -TypeName Microsoft.SystemCenter.Advisor.Core.WebService.IntelligenceServiceClient($Settings);
$ClientProperties = New-Object Microsoft.AttachedServices.WebService.ClientProperties
$ClientProperties.version = 1
$IntelPacksInfo = $Client.GetIntelligencePacksInfo($ClientProperties)

#If ($DiscoveryType -eq 'Solution')
#	{
		ForEach ($MPBundle in $IntelPacksInfo)
		{
			DiscoverSolution $MPBundle
		}
#	}

	
#If ($DiscoveryType -eq 'MPBundle')
#	{
		ForEach ($MPBundle in $IntelPacksInfo)
		{
			DiscoveryBundle $MPBundle
		}
#	}

#If ($DiscoveryType -eq 'ManagementPack')
#	{
		ForEach ($MPBundle in $IntelPacksInfo)
		{
			ForEach ($MP in $MPBundle.ManagementPacks)
				{
					DiscoverMP -OMSPack $MP -MPBundle $MPBundle
				}
		}
#	}

[string]$ErrorCount = $Error.Count
[string]$EVTMessage = "Completed Discovery; The error count was $ErrorCount;"
Write-EventLog -LogName 'OMS Admin Extensions' -Source OMSAdminScript -EntryType Information -EventId 2801 -Message $EVTMessage
If ($Error -ne'0')
	{
		ForEach ($ER in $Error)
			{
				$ERString = $ER.tostring()
				[string]$EVTMessage = "Discovery Error $ERString;"
				Write-EventLog -LogName 'OMS Admin Extensions' -Source OMSAdminScript -EntryType Error -EventId 2890 -Message $EVTMessage
			}
	}

$discoveryData</ScriptBody>
          <Parameters>
            <Parameter>
              <Name>sourceID</Name>
              <Value>$MPElement$</Value>
            </Parameter>
            <Parameter>
              <Name>managedEntityID</Name>
              <Value>$Target/Id$</Value>
            </Parameter>
            <Parameter>
              <Name>certificateString</Name>
              <Value>$[Name="P2PAdmin!P2P.OMSAdministration.CertificateRunAs"]/Data$</Value>
            </Parameter>
            <Parameter>
              <Name>proxyUserName</Name>
              <Value>$RunAs[Name="P2PAdmin!P2P.OMSAdministration.ProxyAcctRunAs"]/UserName$</Value>
            </Parameter>
            <Parameter>
              <Name>ProxyUserPassword</Name>
              <Value>$RunAs[Name="P2PAdmin!P2P.OMSAdministration.ProxyAcctRunAs"]/Password$</Value>
            </Parameter>
            <Parameter>
              <Name>ProxyUserDomain</Name>
              <Value>$RunAs[Name="P2PAdmin!P2P.OMSAdministration.ProxyAcctRunAs"]/Domain$</Value>
            </Parameter>
            <Parameter>
              <Name>FilePaths</Name>
              <Value>$FileResource[Name="P2PAdmin!P2P.OMSAdministration.AdvisorCommon"]/Path$,$FileResource[Name="P2PAdmin!P2P.OMSAdministration.AdvisorCore"]/Path$</Value>
            </Parameter>
            <Parameter>
              <Name>DiscoveryType</Name>
              <Value>MPBundle</Value>
            </Parameter>
          </Parameters>
          <TimeoutSeconds>300</TimeoutSeconds>
        </DataSource>
      </Discovery>
      <Discovery ID="P2P.OMSAdministration.Discoveries.DiscoverMPs" Enabled="true" Target="P2PAdmin!P2P.OMSAdministration.Classes.OMSInstallation" ConfirmDelivery="false" Remotable="true" Priority="Normal">
        <Category>Discovery</Category>
        <DiscoveryTypes>
          <DiscoveryClass TypeID="P2PAdmin!P2P.OMSAdministration.Classes.OMSManagementPack" />
        </DiscoveryTypes>
        <DataSource ID="DS" TypeID="Windows!Microsoft.Windows.TimedPowerShell.DiscoveryProvider">
          <IntervalSeconds>300</IntervalSeconds>
          <SyncTime />
          <ScriptName>DiscoverOMSMps.ps1</ScriptName>
          <ScriptBody>Param($sourceId, $managedEntityId,[string]$certificateString,[string]$proxyUserName,[string]$proxyUserPassword,[string]$proxyUserDomain,$FilePaths,$DiscoveryType)

function GetPathandLoadLibrary([String]$FilePaths,[String]$LibName)
    {
        Try
            {
                [String]$LibraryLocation
                $FilePathArray = $FilePaths.Split(",")
                $DllPath = $FilePathArray | ? {$_ -match $LibName}
                If ($DllPath.Length -lt 5) {Throw "Can't find the file path"}
                Else
                    {
                        $DLLBytes = [System.IO.File]::ReadAllBytes($DllPath)
                        [System.Reflection.Assembly]::Load($DLLBytes)
                    }
            }
        Catch
            {
                $api.LogScriptEvent("DiscoverOMSMPs.ps1",2000,1,"Failed to get Library $_")
            }
    }

Function DiscoverMP([Microsoft.AttachedServices.WebService.ManagementPackInfo]$OMSPack, [Microsoft.AttachedServices.WebService.ManagementPackBundleInfo]$MPBundle)
    {
		$LocalPack = Get-SCOMManagementPack -Name $OMSPack.Name
		If($LocalPack)	
			 {
				$LocalPackVer = $LocalPack.Version.ToString()
			 }		
		Else
			{
			$LocalPackVer = 'Not Installed'
			}

		If ($MPBundle.IsDynamic)
			{
				$SolutionName = 'DynamicPacks'
				$SolutionURL = 'N/A'
			}
		Else
			{			
				$SolutionName = ($MPBundle.downloadURL.Segments[3]).Replace('/','')
				$SolutionURL = (($MPBundle.downloadURL.OriginalString).Replace($MPBundle.name,''))
			}

		$PrettyName = ($OMSPack.Name).Replace('Microsoft.IntelligencePacks.','').Replace('.mp','')

		#$api.LogScriptEvent("DiscoverOMSMPs.ps1",2200,0,"Discovering ManagementPack $PrettyName")
		$PrincipalName = (Get-WmiObject win32_computersystem).DNSHostName+"."+(Get-WmiObject win32_computersystem).Domain
		[string]$EVTMessage = "Discovering ManagementPack $PrettyName within $SolutionName"
		Write-EventLog -LogName 'OMS Admin Extensions' -Source OMSAdminScript -EntryType Information -EventId 2630 -Message $EVTMessage


        $instanceOMS_MP = $discoveryData.CreateClassInstance("$MPElement[Name='P2PAdmin!P2P.OMSAdministration.Classes.OMSManagementPack']$")
		$instanceOMS_MP.AddProperty("$MPElement[Name='Windows!Microsoft.Windows.Computer']/PrincipalName$",$PrincipalName)
		$instanceOMS_MP.AddProperty("$MPElement[Name='P2PAdmin!P2P.OMSAdministration.Classes.OMSSolution']/URLPath$",$SolutionURL)
		$instanceOMS_MP.AddProperty("$MPElement[Name='P2PAdmin!P2P.OMSAdministration.Classes.OMSManagementPackBundle']/MPBName$",$MPBundle.Name.ToString())
		$instanceOMS_MP.AddProperty("$MPElement[Name='System!System.Entity']/DisplayName$",$PrettyName)
		$instanceOMS_MP.AddProperty("$MPElement[Name='P2PAdmin!P2P.OMSAdministration.Classes.OMSManagementPack']/MPName$",$OMSPack.Name)
        $instanceOMS_MP.AddProperty("$MPElement[Name='P2PAdmin!P2P.OMSAdministration.Classes.OMSManagementPack']/InstalledVersion$",$LocalPackVer)
		$instanceOMS_MP.AddProperty("$MPElement[Name='P2PAdmin!P2P.OMSAdministration.Classes.OMSManagementPack']/ReleasedVersion$",$OMSPack.Version.ToString())
        $instanceOMS_MP.AddProperty("$MPElement[Name='P2PAdmin!P2P.OMSAdministration.Classes.OMSManagementPack']/PublicKeyToken$",$OMSPack.PublicKeyToken.ToString())
		$discoveryData.AddInstance($instanceOMS_MP)

		$BundleName = ($MPBundle.Name.ToString().Replace('.mpb',''))
		$SolutionName = ($MPBundle.downloadURL.Segments[3]).Replace('/','')
		$SolutionURL = (($MPBundle.downloadURL.OriginalString).Replace($MPBundle.name,''))

		$instanceOMS_MPB = $discoveryData.CreateClassInstance("$MPElement[Name='P2PAdmin!P2P.OMSAdministration.Classes.OMSManagementPackBundle']$")
		$instanceOMS_MPB.AddProperty("$MPElement[Name='Windows!Microsoft.Windows.Computer']/PrincipalName$",$PrincipalName)
		$instanceOMS_MPB.AddProperty("$MPElement[Name='System!System.Entity']/DisplayName$",$BundleName)
		$instanceOMS_MPB.AddProperty("$MPElement[Name='P2PAdmin!P2P.OMSAdministration.Classes.OMSSolution']/URLPath$",$SolutionURL)
		$instanceOMS_MPB.AddProperty("$MPElement[Name='P2PAdmin!P2P.OMSAdministration.Classes.OMSManagementPackBundle']/MPBName$",$MPBundle.Name.ToString())

		$MPBHostMPRelationship = $discoveryData.CreateRelationshipInstance("$MPElement[Name='P2PAdmin!P2P.OMSAdministration.Relationships.BundleHostsManagementPacks']$")
        $MPBHostMPRelationship.Source = $instanceOMS_MPB
        $MPBHostMPRelationship.Target = $instanceOMS_MP
        $discoveryData.AddInstance($MPBHostMPRelationship)


    }

Function DiscoveryBundle([Microsoft.AttachedServices.WebService.ManagementPackBundleInfo]$MPBundle)
	{

		$BundleName = ($MPBundle.Name.ToString().Replace('.mpb','')).Replace('Microsoft.IntelligencePacks.','')
		If ($MPBundle.IsDynamic)
			{
				$SolutionName = 'DynamicPacks'
				$SolutionURL = 'N/A'
			}
		Else
			{			
				$SolutionName = ($MPBundle.downloadURL.Segments[3]).Replace('/','')
				$SolutionURL = (($MPBundle.downloadURL.OriginalString).Replace($MPBundle.name,''))
			}
		$BundleURL = $MPBundle.DownloadURL.ToString()
		#$api.LogScriptEvent("DiscoverOMSMPs.ps1",2200,0,"Discovering Bundle $SolutionName with URL $BundleURL")
		
		[string]$EVTMessage = "Discovering Bundle $SolutionName with URL $BundleURL"
		Write-EventLog -LogName 'OMS Admin Extensions' -Source OMSAdminScript -EntryType Information -EventId 2620 -Message $EVTMessage

		$PrincipalName = (Get-WmiObject win32_computersystem).DNSHostName+"."+(Get-WmiObject win32_computersystem).Domain

		$instanceOMS_MPB = $discoveryData.CreateClassInstance("$MPElement[Name='P2PAdmin!P2P.OMSAdministration.Classes.OMSManagementPackBundle']$")
		$instanceOMS_MPB.AddProperty("$MPElement[Name='System!System.Entity']/DisplayName$",$BundleName)
		$instanceOMS_MPB.AddProperty("$MPElement[Name='Windows!Microsoft.Windows.Computer']/PrincipalName$",$PrincipalName)
		$instanceOMS_MPB.AddProperty("$MPElement[Name='P2PAdmin!P2P.OMSAdministration.Classes.OMSSolution']/URLPath$",$SolutionURL)
		$instanceOMS_MPB.AddProperty("$MPElement[Name='P2PAdmin!P2P.OMSAdministration.Classes.OMSManagementPackBundle']/MPBName$",$MPBundle.Name.ToString())
		$instanceOMS_MPB.AddProperty("$MPElement[Name='P2PAdmin!P2P.OMSAdministration.Classes.OMSManagementPackBundle']/DownloadURL$",$MPBundle.DownloadURL.ToString())
		$instanceOMS_MPB.AddProperty("$MPElement[Name='P2PAdmin!P2P.OMSAdministration.Classes.OMSManagementPackBundle']/IsDynamic$",$MPBundle.IsDynamic.ToString())
		$instanceOMS_MPB.AddProperty("$MPElement[Name='P2PAdmin!P2P.OMSAdministration.Classes.OMSManagementPackBundle']/IsDisabled$",$MPBundle.IsDisabled.ToString())
		$discoveryData.AddInstance($instanceOMS_MPB)

		$instanceOMS_Solution = $discoveryData.CreateClassInstance("$MPElement[Name='P2PAdmin!P2P.OMSAdministration.Classes.OMSSolution']$")
		$instanceOMS_Solution.AddProperty("$MPElement[Name='Windows!Microsoft.Windows.Computer']/PrincipalName$",$PrincipalName)
		$instanceOMS_Solution.AddProperty("$MPElement[Name='System!System.Entity']/DisplayName$",$SolutionName)
		$instanceOMS_Solution.AddProperty("$MPElement[Name='P2PAdmin!P2P.OMSAdministration.Classes.OMSSolution']/URLPath$",$SolutionURL)
        

		$SolutionHostMPBRelationship = $discoveryData.CreateRelationshipInstance("$MPElement[Name='P2PAdmin!P2P.OMSAdministration.Relationships.SolutionHostsManagementPackBundle']$")
        $SolutionHostMPBRelationship.Source = $instanceOMS_Solution
        $SolutionHostMPBRelationship.Target = $instanceOMS_MPB
        $discoveryData.AddInstance($SolutionHostMPBRelationship)

	}

Function DiscoverSolution([Microsoft.AttachedServices.WebService.ManagementPackBundleInfo]$MPBundle)
	{
		If ($MPBundle.IsDynamic)
			{
				$SolutionName = 'DynamicPacks'
				$SolutionURL = 'N/A'
			}
		Else
			{			
				$SolutionName = ($MPBundle.downloadURL.Segments[3]).Replace('/','')
				$SolutionURL = (($MPBundle.downloadURL.OriginalString).Replace($MPBundle.name,''))
			}

		#$api.LogScriptEvent("DiscoverOMSMPs.ps1",2200,0,"Discovering Solution $SolutionName with URL $SolutionURL")
		
		[string]$EVTMessage = "Discovering Solution $SolutionName with URL $SolutionURL"
		Write-EventLog -LogName 'OMS Admin Extensions' -Source OMSAdminScript -EntryType Information -EventId 2610 -Message $EVTMessage
		$PrincipalName = (Get-WmiObject win32_computersystem).DNSHostName+"."+(Get-WmiObject win32_computersystem).Domain

		$instanceOMS_Solution = $discoveryData.CreateClassInstance("$MPElement[Name='P2PAdmin!P2P.OMSAdministration.Classes.OMSSolution']$")
		$instanceOMS_Solution.AddProperty("$MPElement[Name='Windows!Microsoft.Windows.Computer']/PrincipalName$",$PrincipalName)
		$instanceOMS_Solution.AddProperty("$MPElement[Name='System!System.Entity']/DisplayName$",$SolutionName)
		$instanceOMS_Solution.AddProperty("$MPElement[Name='P2PAdmin!P2P.OMSAdministration.Classes.OMSSolution']/URLPath$",$SolutionURL)
        $discoveryData.AddInstance($instanceOMS_Solution)

		$instanceOMS_Installation = $discoveryData.CreateClassInstance("$MPElement[Name='P2PAdmin!P2P.OMSAdministration.Classes.OMSInstallation']$")
		$instanceOMS_Installation.AddProperty("$MPElement[Name='Windows!Microsoft.Windows.Computer']/PrincipalName$",$PrincipalName)
		$instanceOMS_Installation.AddProperty("$MPElement[Name='System!System.Entity']/DisplayName$","Operations Manager Administration")
		$discoveryData.AddInstance($instanceOMS_Installation)

		$InstanceRMS = $discoveryData.CreateClassInstance("$MPElement[Name='Windows!Microsoft.Windows.Computer']$")
		$InstanceRMS.AddProperty("$MPElement[Name='Windows!Microsoft.Windows.Computer']/PrincipalName$",$PrincipalName)

		$instanceRMSOMSHost = $discoveryData.CreateRelationshipInstance("$MPElement[Name='P2PAdmin!P2P.OMSAdministration.RMSHostsInstallation']$")
        $instanceRMSOMSHost.Source = $InstanceRMS
        $instanceRMSOMSHost.Target = $instanceOMS_Installation
        $discoveryData.AddInstance($instanceRMSOMSHost)

        $instanceOMSHostRelationship = $discoveryData.CreateRelationshipInstance("$MPElement[Name='P2PAdmin!P2P.OMSAdministration.Relationships.OMSInstallationHostsSolution']$")
        $instanceOMSHostRelationship.Source = $instanceOMS_Installation
        $instanceOMSHostRelationship.Target = $instanceOMS_Solution
        $discoveryData.AddInstance($instanceOMSHostRelationship)
	}

$api = New-Object -comObject 'MOM.ScriptAPI'
$discoveryData = $api.CreateDiscoveryData(0, $SourceId, $ManagedEntityId)

#$api.LogScriptEvent("DiscoverOMSMPs.ps1",2202,0,"Discovery is running with type $DiscoveryType")
[string]$EVTMessage = 'Begining OMS Object Discovery'
Write-EventLog -LogName 'OMS Admin Extensions' -Source OMSAdminScript -EntryType Information -EventId 2800 -Message $EVTMessage

$Error.Clear()

GetPathandLoadLibrary -FilePaths $FilePaths -LibName 'Microsoft.SystemCenter.Advisor.Common.dll'
GetPathandLoadLibrary -FilePaths $FilePaths -LibName 'Microsoft.SystemCenter.Advisor.Core.Module.dll'

Import-Module OperationsManager -ErrorAction SilentlyContinue
$setupKey = Get-Item -Path "HKLM:\Software\Microsoft\Microsoft Operations Manager\3.0\Setup"
$installDirectory = $setupKey.GetValue("InstallDirectory") | Split-Path
$psmPath = $installdirectory + ‘\Powershell\OperationsManager\OperationsManager.psm1’
Import-Module $psmPath -ErrorAction SilentlyContinue

New-SCOMManagementGroupConnection 'localhost' -ErrorAction Stop

[Microsoft.EnterpriseManagement.ManagementGroup] $managementGroup = Get-SCOMManagementGroup;
[Microsoft.SystemCenter.Advisor.Core.WebService.IntelligenceServiceSettings]$Settings = New-Object Microsoft.SystemCenter.Advisor.Core.WebService.IntelligenceServiceSettings($ManagementGroup, $certificateString, $proxyUserDomain, $proxyUserName, $proxyUserPassword)
$Client = New-Object -TypeName Microsoft.SystemCenter.Advisor.Core.WebService.IntelligenceServiceClient($Settings);
$ClientProperties = New-Object Microsoft.AttachedServices.WebService.ClientProperties
$ClientProperties.version = 1
$IntelPacksInfo = $Client.GetIntelligencePacksInfo($ClientProperties)

#If ($DiscoveryType -eq 'Solution')
#	{
		ForEach ($MPBundle in $IntelPacksInfo)
		{
			DiscoverSolution $MPBundle
		}
#	}

	
#If ($DiscoveryType -eq 'MPBundle')
#	{
		ForEach ($MPBundle in $IntelPacksInfo)
		{
			DiscoveryBundle $MPBundle
		}
#	}

#If ($DiscoveryType -eq 'ManagementPack')
#	{
		ForEach ($MPBundle in $IntelPacksInfo)
		{
			ForEach ($MP in $MPBundle.ManagementPacks)
				{
					DiscoverMP -OMSPack $MP -MPBundle $MPBundle
				}
		}
#	}

[string]$ErrorCount = $Error.Count
[string]$EVTMessage = "Completed Discovery; The error count was $ErrorCount;"
Write-EventLog -LogName 'OMS Admin Extensions' -Source OMSAdminScript -EntryType Information -EventId 2801 -Message $EVTMessage
If ($Error -ne'0')
	{
		ForEach ($ER in $Error)
			{
				$ERString = $ER.tostring()
				[string]$EVTMessage = "Discovery Error $ERString;"
				Write-EventLog -LogName 'OMS Admin Extensions' -Source OMSAdminScript -EntryType Error -EventId 2890 -Message $EVTMessage
			}
	}

$discoveryData</ScriptBody>
          <Parameters>
            <Parameter>
              <Name>sourceID</Name>
              <Value>$MPElement$</Value>
            </Parameter>
            <Parameter>
              <Name>managedEntityID</Name>
              <Value>$Target/Id$</Value>
            </Parameter>
            <Parameter>
              <Name>certificateString</Name>
              <Value>$[Name="P2PAdmin!P2P.OMSAdministration.CertificateRunAs"]/Data$</Value>
            </Parameter>
            <Parameter>
              <Name>proxyUserName</Name>
              <Value>$RunAs[Name="P2PAdmin!P2P.OMSAdministration.ProxyAcctRunAs"]/UserName$</Value>
            </Parameter>
            <Parameter>
              <Name>ProxyUserPassword</Name>
              <Value>$RunAs[Name="P2PAdmin!P2P.OMSAdministration.ProxyAcctRunAs"]/Password$</Value>
            </Parameter>
            <Parameter>
              <Name>ProxyUserDomain</Name>
              <Value>$RunAs[Name="P2PAdmin!P2P.OMSAdministration.ProxyAcctRunAs"]/Domain$</Value>
            </Parameter>
            <Parameter>
              <Name>FilePaths</Name>
              <Value>$FileResource[Name="P2PAdmin!P2P.OMSAdministration.AdvisorCommon"]/Path$,$FileResource[Name="P2PAdmin!P2P.OMSAdministration.AdvisorCore"]/Path$</Value>
            </Parameter>
            <Parameter>
              <Name>DiscoveryType</Name>
              <Value>ManagementPack</Value>
            </Parameter>
          </Parameters>
          <TimeoutSeconds>300</TimeoutSeconds>
        </DataSource>
      </Discovery>
      <Discovery ID="P2P.OMSAdministration.Discoveries.DiscoverSolutions" Enabled="true" Target="SC!Microsoft.SystemCenter.RootManagementServer" ConfirmDelivery="false" Remotable="true" Priority="Normal">
        <Category>Discovery</Category>
        <DiscoveryTypes>
          <DiscoveryClass TypeID="P2PAdmin!P2P.OMSAdministration.Classes.OMSSolution" />
        </DiscoveryTypes>
        <DataSource ID="DS" TypeID="Windows!Microsoft.Windows.TimedPowerShell.DiscoveryProvider">
          <IntervalSeconds>600</IntervalSeconds>
          <SyncTime />
          <ScriptName>DiscoverOMSMps.ps1</ScriptName>
          <ScriptBody>Param($sourceId, $managedEntityId,[string]$certificateString,[string]$proxyUserName,[string]$proxyUserPassword,[string]$proxyUserDomain,$FilePaths,$DiscoveryType)

function GetPathandLoadLibrary([String]$FilePaths,[String]$LibName)
    {
        Try
            {
                [String]$LibraryLocation
                $FilePathArray = $FilePaths.Split(",")
                $DllPath = $FilePathArray | ? {$_ -match $LibName}
                If ($DllPath.Length -lt 5) {Throw "Can't find the file path"}
                Else
                    {
                        $DLLBytes = [System.IO.File]::ReadAllBytes($DllPath)
                        [System.Reflection.Assembly]::Load($DLLBytes)
                    }
            }
        Catch
            {
                $api.LogScriptEvent("DiscoverOMSMPs.ps1",2000,1,"Failed to get Library $_")
            }
    }

Function DiscoverMP([Microsoft.AttachedServices.WebService.ManagementPackInfo]$OMSPack, [Microsoft.AttachedServices.WebService.ManagementPackBundleInfo]$MPBundle)
    {
		$LocalPack = Get-SCOMManagementPack -Name $OMSPack.Name
		If($LocalPack)	
			 {
				$LocalPackVer = $LocalPack.Version.ToString()
			 }		
		Else
			{
			$LocalPackVer = 'Not Installed'
			}

		If ($MPBundle.IsDynamic)
			{
				$SolutionName = 'DynamicPacks'
				$SolutionURL = 'N/A'
			}
		Else
			{			
				$SolutionName = ($MPBundle.downloadURL.Segments[3]).Replace('/','')
				$SolutionURL = (($MPBundle.downloadURL.OriginalString).Replace($MPBundle.name,''))
			}

		$PrettyName = ($OMSPack.Name).Replace('Microsoft.IntelligencePacks.','').Replace('.mp','')

		#$api.LogScriptEvent("DiscoverOMSMPs.ps1",2200,0,"Discovering ManagementPack $PrettyName")
		$PrincipalName = (Get-WmiObject win32_computersystem).DNSHostName+"."+(Get-WmiObject win32_computersystem).Domain
		[string]$EVTMessage = "Discovering ManagementPack $PrettyName within $SolutionName"
		Write-EventLog -LogName 'OMS Admin Extensions' -Source OMSAdminScript -EntryType Information -EventId 2630 -Message $EVTMessage


        $instanceOMS_MP = $discoveryData.CreateClassInstance("$MPElement[Name='P2PAdmin!P2P.OMSAdministration.Classes.OMSManagementPack']$")
		$instanceOMS_MP.AddProperty("$MPElement[Name='Windows!Microsoft.Windows.Computer']/PrincipalName$",$PrincipalName)
		$instanceOMS_MP.AddProperty("$MPElement[Name='P2PAdmin!P2P.OMSAdministration.Classes.OMSSolution']/URLPath$",$SolutionURL)
		$instanceOMS_MP.AddProperty("$MPElement[Name='P2PAdmin!P2P.OMSAdministration.Classes.OMSManagementPackBundle']/MPBName$",$MPBundle.Name.ToString())
		$instanceOMS_MP.AddProperty("$MPElement[Name='System!System.Entity']/DisplayName$",$PrettyName)
		$instanceOMS_MP.AddProperty("$MPElement[Name='P2PAdmin!P2P.OMSAdministration.Classes.OMSManagementPack']/MPName$",$OMSPack.Name)
        $instanceOMS_MP.AddProperty("$MPElement[Name='P2PAdmin!P2P.OMSAdministration.Classes.OMSManagementPack']/InstalledVersion$",$LocalPackVer)
		$instanceOMS_MP.AddProperty("$MPElement[Name='P2PAdmin!P2P.OMSAdministration.Classes.OMSManagementPack']/ReleasedVersion$",$OMSPack.Version.ToString())
        $instanceOMS_MP.AddProperty("$MPElement[Name='P2PAdmin!P2P.OMSAdministration.Classes.OMSManagementPack']/PublicKeyToken$",$OMSPack.PublicKeyToken.ToString())
		$discoveryData.AddInstance($instanceOMS_MP)

		$BundleName = ($MPBundle.Name.ToString().Replace('.mpb',''))
		$SolutionName = ($MPBundle.downloadURL.Segments[3]).Replace('/','')
		$SolutionURL = (($MPBundle.downloadURL.OriginalString).Replace($MPBundle.name,''))

		$instanceOMS_MPB = $discoveryData.CreateClassInstance("$MPElement[Name='P2PAdmin!P2P.OMSAdministration.Classes.OMSManagementPackBundle']$")
		$instanceOMS_MPB.AddProperty("$MPElement[Name='Windows!Microsoft.Windows.Computer']/PrincipalName$",$PrincipalName)
		$instanceOMS_MPB.AddProperty("$MPElement[Name='System!System.Entity']/DisplayName$",$BundleName)
		$instanceOMS_MPB.AddProperty("$MPElement[Name='P2PAdmin!P2P.OMSAdministration.Classes.OMSSolution']/URLPath$",$SolutionURL)
		$instanceOMS_MPB.AddProperty("$MPElement[Name='P2PAdmin!P2P.OMSAdministration.Classes.OMSManagementPackBundle']/MPBName$",$MPBundle.Name.ToString())

		$MPBHostMPRelationship = $discoveryData.CreateRelationshipInstance("$MPElement[Name='P2PAdmin!P2P.OMSAdministration.Relationships.BundleHostsManagementPacks']$")
        $MPBHostMPRelationship.Source = $instanceOMS_MPB
        $MPBHostMPRelationship.Target = $instanceOMS_MP
        $discoveryData.AddInstance($MPBHostMPRelationship)


    }

Function DiscoveryBundle([Microsoft.AttachedServices.WebService.ManagementPackBundleInfo]$MPBundle)
	{

		$BundleName = ($MPBundle.Name.ToString().Replace('.mpb','')).Replace('Microsoft.IntelligencePacks.','')
		If ($MPBundle.IsDynamic)
			{
				$SolutionName = 'DynamicPacks'
				$SolutionURL = 'N/A'
			}
		Else
			{			
				$SolutionName = ($MPBundle.downloadURL.Segments[3]).Replace('/','')
				$SolutionURL = (($MPBundle.downloadURL.OriginalString).Replace($MPBundle.name,''))
			}
		$BundleURL = $MPBundle.DownloadURL.ToString()
		#$api.LogScriptEvent("DiscoverOMSMPs.ps1",2200,0,"Discovering Bundle $SolutionName with URL $BundleURL")
		
		[string]$EVTMessage = "Discovering Bundle $SolutionName with URL $BundleURL"
		Write-EventLog -LogName 'OMS Admin Extensions' -Source OMSAdminScript -EntryType Information -EventId 2620 -Message $EVTMessage

		$PrincipalName = (Get-WmiObject win32_computersystem).DNSHostName+"."+(Get-WmiObject win32_computersystem).Domain

		$instanceOMS_MPB = $discoveryData.CreateClassInstance("$MPElement[Name='P2PAdmin!P2P.OMSAdministration.Classes.OMSManagementPackBundle']$")
		$instanceOMS_MPB.AddProperty("$MPElement[Name='System!System.Entity']/DisplayName$",$BundleName)
		$instanceOMS_MPB.AddProperty("$MPElement[Name='Windows!Microsoft.Windows.Computer']/PrincipalName$",$PrincipalName)
		$instanceOMS_MPB.AddProperty("$MPElement[Name='P2PAdmin!P2P.OMSAdministration.Classes.OMSSolution']/URLPath$",$SolutionURL)
		$instanceOMS_MPB.AddProperty("$MPElement[Name='P2PAdmin!P2P.OMSAdministration.Classes.OMSManagementPackBundle']/MPBName$",$MPBundle.Name.ToString())
		$instanceOMS_MPB.AddProperty("$MPElement[Name='P2PAdmin!P2P.OMSAdministration.Classes.OMSManagementPackBundle']/DownloadURL$",$MPBundle.DownloadURL.ToString())
		$instanceOMS_MPB.AddProperty("$MPElement[Name='P2PAdmin!P2P.OMSAdministration.Classes.OMSManagementPackBundle']/IsDynamic$",$MPBundle.IsDynamic.ToString())
		$instanceOMS_MPB.AddProperty("$MPElement[Name='P2PAdmin!P2P.OMSAdministration.Classes.OMSManagementPackBundle']/IsDisabled$",$MPBundle.IsDisabled.ToString())
		$discoveryData.AddInstance($instanceOMS_MPB)

		$instanceOMS_Solution = $discoveryData.CreateClassInstance("$MPElement[Name='P2PAdmin!P2P.OMSAdministration.Classes.OMSSolution']$")
		$instanceOMS_Solution.AddProperty("$MPElement[Name='Windows!Microsoft.Windows.Computer']/PrincipalName$",$PrincipalName)
		$instanceOMS_Solution.AddProperty("$MPElement[Name='System!System.Entity']/DisplayName$",$SolutionName)
		$instanceOMS_Solution.AddProperty("$MPElement[Name='P2PAdmin!P2P.OMSAdministration.Classes.OMSSolution']/URLPath$",$SolutionURL)
        

		$SolutionHostMPBRelationship = $discoveryData.CreateRelationshipInstance("$MPElement[Name='P2PAdmin!P2P.OMSAdministration.Relationships.SolutionHostsManagementPackBundle']$")
        $SolutionHostMPBRelationship.Source = $instanceOMS_Solution
        $SolutionHostMPBRelationship.Target = $instanceOMS_MPB
        $discoveryData.AddInstance($SolutionHostMPBRelationship)

	}

Function DiscoverSolution([Microsoft.AttachedServices.WebService.ManagementPackBundleInfo]$MPBundle)
	{
		If ($MPBundle.IsDynamic)
			{
				$SolutionName = 'DynamicPacks'
				$SolutionURL = 'N/A'
			}
		Else
			{			
				$SolutionName = ($MPBundle.downloadURL.Segments[3]).Replace('/','')
				$SolutionURL = (($MPBundle.downloadURL.OriginalString).Replace($MPBundle.name,''))
			}

		#$api.LogScriptEvent("DiscoverOMSMPs.ps1",2200,0,"Discovering Solution $SolutionName with URL $SolutionURL")
		
		[string]$EVTMessage = "Discovering Solution $SolutionName with URL $SolutionURL"
		Write-EventLog -LogName 'OMS Admin Extensions' -Source OMSAdminScript -EntryType Information -EventId 2610 -Message $EVTMessage
		$PrincipalName = (Get-WmiObject win32_computersystem).DNSHostName+"."+(Get-WmiObject win32_computersystem).Domain

		$instanceOMS_Solution = $discoveryData.CreateClassInstance("$MPElement[Name='P2PAdmin!P2P.OMSAdministration.Classes.OMSSolution']$")
		$instanceOMS_Solution.AddProperty("$MPElement[Name='Windows!Microsoft.Windows.Computer']/PrincipalName$",$PrincipalName)
		$instanceOMS_Solution.AddProperty("$MPElement[Name='System!System.Entity']/DisplayName$",$SolutionName)
		$instanceOMS_Solution.AddProperty("$MPElement[Name='P2PAdmin!P2P.OMSAdministration.Classes.OMSSolution']/URLPath$",$SolutionURL)
        $discoveryData.AddInstance($instanceOMS_Solution)

		$instanceOMS_Installation = $discoveryData.CreateClassInstance("$MPElement[Name='P2PAdmin!P2P.OMSAdministration.Classes.OMSInstallation']$")
		$instanceOMS_Installation.AddProperty("$MPElement[Name='Windows!Microsoft.Windows.Computer']/PrincipalName$",$PrincipalName)
		$instanceOMS_Installation.AddProperty("$MPElement[Name='System!System.Entity']/DisplayName$","Operations Manager Administration")
		$discoveryData.AddInstance($instanceOMS_Installation)

		$InstanceRMS = $discoveryData.CreateClassInstance("$MPElement[Name='Windows!Microsoft.Windows.Computer']$")
		$InstanceRMS.AddProperty("$MPElement[Name='Windows!Microsoft.Windows.Computer']/PrincipalName$",$PrincipalName)

		$instanceRMSOMSHost = $discoveryData.CreateRelationshipInstance("$MPElement[Name='P2PAdmin!P2P.OMSAdministration.RMSHostsInstallation']$")
        $instanceRMSOMSHost.Source = $InstanceRMS
        $instanceRMSOMSHost.Target = $instanceOMS_Installation
        $discoveryData.AddInstance($instanceRMSOMSHost)

        $instanceOMSHostRelationship = $discoveryData.CreateRelationshipInstance("$MPElement[Name='P2PAdmin!P2P.OMSAdministration.Relationships.OMSInstallationHostsSolution']$")
        $instanceOMSHostRelationship.Source = $instanceOMS_Installation
        $instanceOMSHostRelationship.Target = $instanceOMS_Solution
        $discoveryData.AddInstance($instanceOMSHostRelationship)
	}

$api = New-Object -comObject 'MOM.ScriptAPI'
$discoveryData = $api.CreateDiscoveryData(0, $SourceId, $ManagedEntityId)

#$api.LogScriptEvent("DiscoverOMSMPs.ps1",2202,0,"Discovery is running with type $DiscoveryType")
[string]$EVTMessage = 'Begining OMS Object Discovery'
Write-EventLog -LogName 'OMS Admin Extensions' -Source OMSAdminScript -EntryType Information -EventId 2800 -Message $EVTMessage

$Error.Clear()

GetPathandLoadLibrary -FilePaths $FilePaths -LibName 'Microsoft.SystemCenter.Advisor.Common.dll'
GetPathandLoadLibrary -FilePaths $FilePaths -LibName 'Microsoft.SystemCenter.Advisor.Core.Module.dll'

Import-Module OperationsManager -ErrorAction SilentlyContinue
$setupKey = Get-Item -Path "HKLM:\Software\Microsoft\Microsoft Operations Manager\3.0\Setup"
$installDirectory = $setupKey.GetValue("InstallDirectory") | Split-Path
$psmPath = $installdirectory + ‘\Powershell\OperationsManager\OperationsManager.psm1’
Import-Module $psmPath -ErrorAction SilentlyContinue

New-SCOMManagementGroupConnection 'localhost' -ErrorAction Stop

[Microsoft.EnterpriseManagement.ManagementGroup] $managementGroup = Get-SCOMManagementGroup;
[Microsoft.SystemCenter.Advisor.Core.WebService.IntelligenceServiceSettings]$Settings = New-Object Microsoft.SystemCenter.Advisor.Core.WebService.IntelligenceServiceSettings($ManagementGroup, $certificateString, $proxyUserDomain, $proxyUserName, $proxyUserPassword)
$Client = New-Object -TypeName Microsoft.SystemCenter.Advisor.Core.WebService.IntelligenceServiceClient($Settings);
$ClientProperties = New-Object Microsoft.AttachedServices.WebService.ClientProperties
$ClientProperties.version = 1
$IntelPacksInfo = $Client.GetIntelligencePacksInfo($ClientProperties)

#If ($DiscoveryType -eq 'Solution')
#	{
		ForEach ($MPBundle in $IntelPacksInfo)
		{
			DiscoverSolution $MPBundle
		}
#	}

	
#If ($DiscoveryType -eq 'MPBundle')
#	{
		ForEach ($MPBundle in $IntelPacksInfo)
		{
			DiscoveryBundle $MPBundle
		}
#	}

#If ($DiscoveryType -eq 'ManagementPack')
#	{
		ForEach ($MPBundle in $IntelPacksInfo)
		{
			ForEach ($MP in $MPBundle.ManagementPacks)
				{
					DiscoverMP -OMSPack $MP -MPBundle $MPBundle
				}
		}
#	}

[string]$ErrorCount = $Error.Count
[string]$EVTMessage = "Completed Discovery; The error count was $ErrorCount;"
Write-EventLog -LogName 'OMS Admin Extensions' -Source OMSAdminScript -EntryType Information -EventId 2801 -Message $EVTMessage
If ($Error -ne'0')
	{
		ForEach ($ER in $Error)
			{
				$ERString = $ER.tostring()
				[string]$EVTMessage = "Discovery Error $ERString;"
				Write-EventLog -LogName 'OMS Admin Extensions' -Source OMSAdminScript -EntryType Error -EventId 2890 -Message $EVTMessage
			}
	}

$discoveryData</ScriptBody>
          <Parameters>
            <Parameter>
              <Name>sourceID</Name>
              <Value>$MPElement$</Value>
            </Parameter>
            <Parameter>
              <Name>managedEntityID</Name>
              <Value>$Target/Id$</Value>
            </Parameter>
            <Parameter>
              <Name>certificateString</Name>
              <Value>$RunAs[Name="P2PAdmin!P2P.OMSAdministration.CertificateRunAs"]/Data$</Value>
            </Parameter>
            <Parameter>
              <Name>proxyUserName</Name>
              <Value>$RunAs[Name="P2PAdmin!P2P.OMSAdministration.ProxyAcctRunAs"]/UserName$</Value>
            </Parameter>
            <Parameter>
              <Name>ProxyUserPassword</Name>
              <Value>$RunAs[Name="P2PAdmin!P2P.OMSAdministration.ProxyAcctRunAs"]/Password$</Value>
            </Parameter>
            <Parameter>
              <Name>ProxyUserDomain</Name>
              <Value>$RunAs[Name="P2PAdmin!P2P.OMSAdministration.ProxyAcctRunAs"]/Domain$</Value>
            </Parameter>
            <Parameter>
              <Name>FilePaths</Name>
              <Value>$FileResource[Name="P2PAdmin!P2P.OMSAdministration.AdvisorCommon"]/Path$,$FileResource[Name="P2PAdmin!P2P.OMSAdministration.AdvisorCore"]/Path$</Value>
            </Parameter>
            <Parameter>
              <Name>DiscoveryType</Name>
              <Value>Solution</Value>
            </Parameter>
          </Parameters>
          <TimeoutSeconds>300</TimeoutSeconds>
        </DataSource>
      </Discovery>
    </Discoveries>
    <Rules>
      <Rule ID="P2P.OMSAdministration.Discoveries.GenerateShellMP.WithParametersEventTriggered" Target="P2PAdmin!P2P.OMSAdministration.Classes.OMSSolution" Enabled="false" ConfirmDelivery="false" Remotable="true" Priority="Normal" DiscardLevel="100">
        <Category>Operations</Category>
        <DataSources>
          <DataSource ID="TriggerEvent" TypeID="Windows!Microsoft.Windows.EventProvider">
            <ComputerName>.</ComputerName>
            <LogName>OMS Admin Extensions</LogName>
            <AllowProxying>true</AllowProxying>
            <Expression>
              <And>
                <Expression>
                  <SimpleExpression>
                    <ValueExpression>
                      <XPathQuery Type="UnsignedInteger">EventDisplayNumber</XPathQuery>
                    </ValueExpression>
                    <Operator>Equal</Operator>
                    <ValueExpression>
                      <Value Type="UnsignedInteger">5105</Value>
                    </ValueExpression>
                  </SimpleExpression>
                </Expression>
                <Expression>
                  <SimpleExpression>
                    <ValueExpression>
                      <XPathQuery Type="String">PublisherName</XPathQuery>
                    </ValueExpression>
                    <Operator>Equal</Operator>
                    <ValueExpression>
                      <Value Type="String">OMSAdminSetup</Value>
                    </ValueExpression>
                  </SimpleExpression>
                </Expression>
                <Expression>
                  <SimpleExpression>
                    <ValueExpression>
                      <XPathQuery>Params/Param[1]</XPathQuery>
                    </ValueExpression>
                    <Operator>Equal</Operator>
                    <ValueExpression>
                      <Value>Generate Admin Pack For $Target/Property[Type="System!System.Entity"]/DisplayName$</Value>
                    </ValueExpression>
                  </SimpleExpression>
                </Expression>
              </And>
            </Expression>
          </DataSource>
        </DataSources>
        <WriteActions>
          <WriteAction ID="WA" TypeID="P2P.OMSAdministration.Discoveries.GenerateMP" RunAs="P2PAdmin!P2P.OMSAdministration.SDKRunAs">
            <SolutionName>$Target/Property[Type="System!System.Entity"]/DisplayName$</SolutionName>
            <ShouldCreateGroups>false</ShouldCreateGroups>
            <ShouldOverrideAtClass>false</ShouldOverrideAtClass>
            <SolutionID>$Target/Id$</SolutionID>
          </WriteAction>
        </WriteActions>
      </Rule>
      <Rule ID="P2P.OMSAdministration.Discoveries.GenerateAdminLog" Target="P2PAdmin!P2P.OMSAdministration.Classes.OMSInstallation" Enabled="true" ConfirmDelivery="false" Remotable="true" Priority="Normal" DiscardLevel="100">
        <Category>Operations</Category>
        <DataSources>
          <DataSource ID="Sched" TypeID="System!System.SimpleScheduler">
            <IntervalSeconds>86400</IntervalSeconds>
            <SyncTime></SyncTime>
          </DataSource>
        </DataSources>
        <WriteActions>
          <WriteAction ID="WA" TypeID="Windows!Microsoft.Windows.PowerShellWriteAction">
            <ScriptName>Generate OMS Admin Logs.PS1</ScriptName>
            <ScriptBody><![CDATA[#Create the Event Log we will use
function SetupOMSAdminLog()
    {
        New-EventLog -LogName 'OMS Admin Extensions' -Source OMSAdminScript
        New-EventLog -LogName 'OMS Admin Extensions' -Source OMSAdminSetup
        New-EventLog -LogName 'OMS Admin Extensions' -Source OMSAdminConsole
        Limit-EventLog -OverflowAction OverWriteAsNeeded -MaximumSize 4096KB -LogName 'OMS Admin Extensions'
        Write-EventLog -LogName 'OMS Admin Extensions' -Source OMSAdminScript -EntryType Information -EventId 1002 -Message "OMS Admin EventLog, Source OMSAdminScript has been configured!" -Category 100
        Write-EventLog -LogName 'OMS Admin Extensions' -Source OMSAdminSetup -EntryType Information -EventId 1003 -Message "OMS Admin EventLog, Source OMSAdminSetup has been configured!" -Category 100
        Write-EventLog -LogName 'OMS Admin Extensions' -Source OMSAdminConsole -EntryType Information -EventId 1004 -Message "OMS Admin EventLog, Source OMSAdminConsole has been configured!" -Category 100
    }

Try
    {
        $OMSLog = Get-EventLog -LogName 'OMS Admin Extensions' -Newest 1 -ErrorAction SilentlyContinue
    }
Catch
    {
        SetupOMSAdminLog
    }

If ($OMSLog -eq $null)
    {
        Try
            {
                SetupOMSAdminLog
            }
        Catch
            {
                #If we get here we've got issues, not sure which ones though.
            }
    }]]></ScriptBody>
            <TimeoutSeconds>300</TimeoutSeconds>
          </WriteAction>
        </WriteActions>
      </Rule>
      <Rule ID="P2P.OMSAdministration.Discoveries.GenerateShellMP.WithParameters" Target="P2PAdmin!P2P.OMSAdministration.Classes.OMSSolution" Enabled="false" ConfirmDelivery="false" Remotable="true" Priority="Normal" DiscardLevel="100">
        <Category>Operations</Category>
        <DataSources>
          <DataSource ID="Sched" TypeID="System!System.SimpleScheduler">
            <IntervalSeconds>86400</IntervalSeconds>
            <SyncTime></SyncTime>
          </DataSource>
        </DataSources>
        <WriteActions>
          <WriteAction ID="WA" TypeID="P2P.OMSAdministration.Discoveries.GenerateMP" RunAs="P2PAdmin!P2P.OMSAdministration.SDKRunAs">
            <SolutionName>$Target/Property[Type="System!System.Entity"]/DisplayName$</SolutionName>
            <ShouldCreateGroups>false</ShouldCreateGroups>
            <ShouldOverrideAtClass>false</ShouldOverrideAtClass>
            <SolutionID>$Target/Id$</SolutionID>
          </WriteAction>
        </WriteActions>
      </Rule>
    </Rules>
  </Monitoring>
  <LanguagePacks>
    <LanguagePack ID="ENU" IsDefault="true">
      <DisplayStrings>
        <DisplayString ElementID="P2P.OMSAdministration.Discoveries.GenerateShellMP.WithParametersEventTriggered">
          <Name>Event Triggered Generate Override</Name>
          <Description>Event Triggered Generate Override MPs, Nothing Else Should reference the Sealed packs from MS</Description>
        </DisplayString>
        <DisplayString ElementID="P2P.OMSAdministration.Discoveries.GenerateAdminLog">
          <Name>Generate Admin Log</Name>
          <Description>Generates the OMS Admin Extensions Log</Description>
        </DisplayString>
        <DisplayString ElementID="P2P.OMSAdministration.Discoveries.GenerateShellMP.WithParameters">
          <Name>Generate Override MPs With Parameters</Name>
          <Description>Generate Override MPs, Nothing Else Should reference the Sealed packs from MS</Description>
        </DisplayString>
        <DisplayString ElementID="P2P.OMSAdministration.Discoveries.GenerateMP">
          <Name>Generate Override Management Pack</Name>
          <Description>Generate Override Management Pack</Description>
        </DisplayString>
        <DisplayString ElementID="P2P.OMSAdministration.Discoveries.GenerateMP" SubElementID="GroupCreationOverride">
          <Name>Create Groups?</Name>
        </DisplayString>
        <DisplayString ElementID="P2P.OMSAdministration.Discoveries.GenerateMP" SubElementID="ClassOverrideOverride">
          <Name>Override at Class?</Name>
        </DisplayString>
        <DisplayString ElementID="P2P.OMSAdministration.Discoveries.DiscoverBundles">
          <Name>MPB Discovery</Name>
          <Description>Discovers MPBs from OMS</Description>
        </DisplayString>
        <DisplayString ElementID="P2P.OMSAdministration.Discoveries.DiscoverMPs">
          <Name>Discover OMS MPs</Name>
          <Description>Discover OMS MPs</Description>
        </DisplayString>
        <DisplayString ElementID="P2P.OMSAdministration.Discoveries.DiscoverSolutions">
          <Name>OMS Solution Discovery</Name>
          <Description>Discover OMS Solutions</Description>
        </DisplayString>
        <DisplayString ElementID="P2P.OMSAdministration.Discoveries">
          <Name>P2P OMSAdministration Discoveries</Name>
          <Description>Discoveries for the OMSAdministration Library</Description>
        </DisplayString>
      </DisplayStrings>
      <KnowledgeArticles></KnowledgeArticles>
    </LanguagePack>
  </LanguagePacks>
</ManagementPack>