﻿<?xml version="1.0" encoding="utf-8"?>
<ManagementPack SchemaVersion="2.0" ContentReadable="true" xmlns:xsd="http://www.w3.org/2001/XMLSchema">
  <Manifest>
    <Identity>
      <ID>P2P.OMSAdministration.DWMirroring</ID>
      <Version>1.0.2.3</Version>
    </Identity>
    <Name>P2P.OMSAdministration.DWMirroring</Name>
    <References>
      <Reference Alias="IPPerfCollection">
        <ID>Microsoft.IntelligencePacks.Performance</ID>
        <Version>1.2.1416.0</Version>
        <PublicKeyToken>31bf3856ad364e35</PublicKeyToken>
      </Reference>
      <Reference Alias="IPTypes">
        <ID>Microsoft.IntelligencePacks.Types</ID>
        <Version>7.0.10476.0</Version>
        <PublicKeyToken>31bf3856ad364e35</PublicKeyToken>
      </Reference>
      <Reference Alias="SystemCenter1">
        <ID>Microsoft.SystemCenter.Advisor.Internal</ID>
        <Version>7.1.10226.0</Version>
        <PublicKeyToken>31bf3856ad364e35</PublicKeyToken>
      </Reference>
      <Reference Alias="DWLib">
        <ID>Microsoft.SystemCenter.DataWarehouse.Library</ID>
        <Version>7.1.10226.0</Version>
        <PublicKeyToken>31bf3856ad364e35</PublicKeyToken>
      </Reference>
      <Reference Alias="SystemCenter">
        <ID>Microsoft.SystemCenter.Library</ID>
        <Version>7.0.8433.0</Version>
        <PublicKeyToken>31bf3856ad364e35</PublicKeyToken>
      </Reference>
      <Reference Alias="System">
        <ID>System.Library</ID>
        <Version>7.5.8501.0</Version>
        <PublicKeyToken>31bf3856ad364e35</PublicKeyToken>
      </Reference>
      <Reference Alias="Performance">
        <ID>System.Performance.Library</ID>
        <Version>7.0.8433.0</Version>
        <PublicKeyToken>31bf3856ad364e35</PublicKeyToken>
      </Reference>
    </References>
  </Manifest>
  <TypeDefinitions>
    <ModuleTypes>
      <DataSourceModuleType ID="P2P.OMSAdmin.PublishedPerformanceDataProviderCustomChannel" Accessibility="Public" Batching="false">
        <Configuration>
          <xsd:element name="ChannelId" type="xsd:string" xmlns:xsd="http://www.w3.org/2001/XMLSchema" />
        </Configuration>
        <ModuleImplementation Isolation="Any">
          <Composite>
            <MemberModules>
              <DataSource ID="DS1" TypeID="P2P.OMSAdmin.PublishedPerformanceDataProviderInternal">
                <ManagementGroupId>$Target/ManagementGroup/Id$</ManagementGroupId>
                <ChannelId>$Config/ChannelId$</ChannelId>
                <DropItems>false</DropItems>
                <QueueDataOnStall>false</QueueDataOnStall>
                <QueueDataStallInterval>PT2M</QueueDataStallInterval>
                <StalledDataQueueSizeMB>100</StalledDataQueueSizeMB>
                <StalledDataQueueMaximumAge>P14D</StalledDataQueueMaximumAge>
              </DataSource>
            </MemberModules>
            <Composition>
              <Node ID="DS1" />
            </Composition>
          </Composite>
        </ModuleImplementation>
        <OutputType>SystemCenter!Microsoft.SystemCenter.Performance.LinkedData</OutputType>
      </DataSourceModuleType>
      <DataSourceModuleType ID="P2P.OMSAdmin.PublishedPerformanceDataProviderInternal" Accessibility="Internal" Batching="false">
        <Configuration>
          <xsd:element name="ManagementGroupId" type="xsd:string" xmlns:xsd="http://www.w3.org/2001/XMLSchema" />
          <xsd:element name="ChannelId" type="xsd:string" xmlns:xsd="http://www.w3.org/2001/XMLSchema" />
          <xsd:element name="DropItems" type="xsd:boolean" xmlns:xsd="http://www.w3.org/2001/XMLSchema" />
          <xsd:element name="QueueDataOnStall" type="xsd:boolean" xmlns:xsd="http://www.w3.org/2001/XMLSchema" />
          <xsd:element name="QueueDataStallInterval" type="xsd:duration" xmlns:xsd="http://www.w3.org/2001/XMLSchema" />
          <xsd:element name="StalledDataQueueSizeMB" type="xsd:integer" xmlns:xsd="http://www.w3.org/2001/XMLSchema" />
          <xsd:element name="StalledDataQueueMaximumAge" type="xsd:duration" xmlns:xsd="http://www.w3.org/2001/XMLSchema" />
        </Configuration>
        <OverrideableParameters>
          <OverrideableParameter ID="DropItems" Selector="$Config/DropItems$" ParameterType="bool" />
          <OverrideableParameter ID="QueueDataOnStall" Selector="$Config/QueueDataOnStall$" ParameterType="bool" />
          <OverrideableParameter ID="QueueDataStallInterval" Selector="$Config/QueueDataStallInterval$" ParameterType="string" />
          <OverrideableParameter ID="StalledDataQueueSizeMB" Selector="$Config/StalledDataQueueSizeMB$" ParameterType="int" />
        </OverrideableParameters>
        <ModuleImplementation Isolation="Any">
          <Native>
            <ClassID>8DB8C3B0-3AB0-494a-A09B-5F3643CC27A7</ClassID>
          </Native>
        </ModuleImplementation>
        <OutputType>SystemCenter!Microsoft.SystemCenter.Performance.LinkedData</OutputType>
      </DataSourceModuleType>
      <ConditionDetectionModuleType ID="P2P.OMSAdministration.Modules.LinkedPerfToOMSPerf" Comment="Maps a PerformanceData to a LinkedPerformanceData" Accessibility="Internal" Batching="false" Stateful="false" PassThrough="false">
        <Configuration>
          <xsd:element name="ManagedEntityId" type="xsd:string" xmlns:xsd="http://www.w3.org/2001/XMLSchema" />
          <xsd:element name="RuleId" type="xsd:string" xmlns:xsd="http://www.w3.org/2001/XMLSchema" />
          <xsd:element name="ComputerName" type="xsd:string" xmlns:xsd="http://www.w3.org/2001/XMLSchema" />
        </Configuration>
        <ModuleImplementation Isolation="Any">
          <Composite>
            <MemberModules>
              <ConditionDetection ID="MapToPerf" TypeID="Performance!System.Performance.DataGenericMapper">
                <ObjectName>\\$Config/ComputerName$\$Data/ObjectName$</ObjectName>
                <CounterName>$Data/CounterName$</CounterName>
                <InstanceName>$Data/InstanceName$</InstanceName>
                <Value>$Data/Value$</Value>
              </ConditionDetection>
              <ConditionDetection ID="MapToLinkedPerf" TypeID="P2P.OMSAdministration.Modules.LinkedDataMapper">
                <ManagedEntityId>$Config/ManagedEntityId$</ManagedEntityId>
                <RuleId>$MPElement$</RuleId>
              </ConditionDetection>
            </MemberModules>
            <Composition>
              <Node ID="MapToLinkedPerf">
                <Node ID="MapToPerf" />
              </Node>
            </Composition>
          </Composite>
        </ModuleImplementation>
        <OutputType>SystemCenter!Microsoft.SystemCenter.Performance.LinkedData</OutputType>
        <InputTypes>
          <InputType>Performance!System.Performance.Data</InputType>
        </InputTypes>
      </ConditionDetectionModuleType>
      <ConditionDetectionModuleType ID="P2P.OMSAdministration.Modules.LinkedDataMapper" Comment="Maps a PerformanceData to a LinkedPerformanceData" Accessibility="Internal" Batching="false" Stateful="false" PassThrough="false">
        <Configuration>
          <xsd:element name="ManagedEntityId" type="xsd:string" xmlns:xsd="http://www.w3.org/2001/XMLSchema" />
          <xsd:element name="RuleId" type="xsd:string" xmlns:xsd="http://www.w3.org/2001/XMLSchema" />
        </Configuration>
        <ModuleImplementation Isolation="Any">
          <Native>
            <ClassID>2566BCEB-BF6B-45D6-BA1A-F99E5CACB8B2</ClassID>
          </Native>
        </ModuleImplementation>
        <OutputType>SystemCenter!Microsoft.SystemCenter.Performance.LinkedData</OutputType>
        <InputTypes>
          <InputType>Performance!System.Performance.Data</InputType>
        </InputTypes>
      </ConditionDetectionModuleType>
      <WriteActionModuleType ID="P2P.OMSAdministration.Modules.WritePerfToOMS" Accessibility="Internal" Batching="false">
        <Configuration>
          <xsd:element name="ComputerName" type="xsd:string" xmlns:xsd="http://www.w3.org/2001/XMLSchema" />
        </Configuration>
        <ModuleImplementation Isolation="Any">
          <Composite>
            <MemberModules>
              <ConditionDetection ID="MapToOMSPerf" TypeID="P2P.OMSAdministration.Modules.LinkedPerfToOMSPerf">
                <ManagedEntityId>$Target/Id$</ManagedEntityId>
                <RuleId>$MPElement$</RuleId>
                <ComputerName>$Config/ComputerName$</ComputerName>
              </ConditionDetection>
              <WriteAction ID="Write" TypeID="System!System.PublishData">
                <ManagementGroupId>$Target/ManagementGroup/Id$</ManagementGroupId>
                <ChannelId>26DD9EC5-92E7-4B90-9B5B-562E71E17C6C</ChannelId>
              </WriteAction>
            </MemberModules>
            <Composition>
              <Node ID="Write">
                <Node ID="MapToOMSPerf" />
              </Node>
            </Composition>
          </Composite>
        </ModuleImplementation>
        <InputType>SystemCenter!Microsoft.SystemCenter.Performance.LinkedData</InputType>
      </WriteActionModuleType>
      <WriteActionModuleType ID="P2P.OMSAdministration.Modules.WritePerfAggToOMS" Accessibility="Internal" Batching="false">
        <Configuration>
          <xsd:element name="ComputerName" type="xsd:string" xmlns:xsd="http://www.w3.org/2001/XMLSchema" />
        </Configuration>
        <ModuleImplementation Isolation="Any">
          <Composite>
            <MemberModules>
              <ConditionDetection ID="MapToPerf" TypeID="Performance!System.Performance.DataGenericMapper">
                <ObjectName>\\$Config/ComputerName$\$Data/ObjectName$</ObjectName>
                <CounterName>$Data/CounterName$</CounterName>
                <InstanceName>$Data/InstanceName$</InstanceName>
                <Value>$Data/Value$</Value>
              </ConditionDetection>
              <ConditionDetection ID="Aggregator" TypeID="IPPerfCollection!Microsoft.IntelligencePacks.Performance.PerformanceAggregator">
                <AggregationIntervalInMinutes>30</AggregationIntervalInMinutes>
              </ConditionDetection>
              <WriteAction ID="WriteToCloud" TypeID="IPTypes!Microsoft.SystemCenter.CollectCloudPerformanceDataAggregated_PerfIP" />
            </MemberModules>
            <Composition>
              <Node ID="WriteToCloud">
                <Node ID="Aggregator">
                  <Node ID="MapToPerf" />
                </Node>
              </Node>
            </Composition>
          </Composite>
        </ModuleImplementation>
        <InputType>SystemCenter!Microsoft.SystemCenter.Performance.LinkedData</InputType>
      </WriteActionModuleType>
    </ModuleTypes>
  </TypeDefinitions>
  <Monitoring>
    <Rules>
      <Rule ID="P2P.OMSAdministration.DWMirroring.PerformanceCollect" Enabled="false" Target="SystemCenter!Microsoft.SystemCenter.HealthService" ConfirmDelivery="true" Remotable="true" Priority="Normal" DiscardLevel="90">
        <Category>System</Category>
        <DataSources>
          <DataSource ID="PerformanceDS" TypeID="P2P.OMSAdmin.PublishedPerformanceDataProviderInternal">
            <ManagementGroupId>$Target/ManagementGroup/Id$</ManagementGroupId>
            <ChannelId>63AFB62D-3376-4102-B6EE-9E88EA49AC46</ChannelId>
            <DropItems>false</DropItems>
            <QueueDataOnStall>true</QueueDataOnStall>
            <QueueDataStallInterval>PT2M</QueueDataStallInterval>
            <StalledDataQueueSizeMB>100</StalledDataQueueSizeMB>
            <StalledDataQueueMaximumAge>P14D</StalledDataQueueMaximumAge>
          </DataSource>
        </DataSources>
        <WriteActions>
          <WriteAction ID="WA_OMS" TypeID="P2P.OMSAdministration.Modules.WritePerfToOMS">
            <ComputerName>$Target/Property[Type="System!System.Entity"]/DisplayName$</ComputerName>
          </WriteAction>
          <WriteAction ID="WA_OMS_Agg" TypeID="P2P.OMSAdministration.Modules.WritePerfAggToOMS">
            <ComputerName>$Target/Property[Type="System!System.Entity"]/DisplayName$</ComputerName>
          </WriteAction>
          <WriteAction ID="WA_DW" TypeID="DWLib!Microsoft.SystemCenter.DataWarehouse.PerformanceDataWriter" Target="DWLib!Microsoft.SystemCenter.DataWarehouseConnectorServer">
            <DataRoutingKey />
            <BulkInsertBatchSize>5000</BulkInsertBatchSize>
            <MaxBatchesToProcessBeforeMaintenanceCount>200</MaxBatchesToProcessBeforeMaintenanceCount>
            <MaxExecutionAttemptCount>0</MaxExecutionAttemptCount>
            <ExecutionAttemptTimeoutIntervalSeconds>0</ExecutionAttemptTimeoutIntervalSeconds>
          </WriteAction>
        </WriteActions>
      </Rule>
      <Rule ID="P2P.OMSAdministration.DWMirroring.EventCollect" Enabled="false" Target="SystemCenter!Microsoft.SystemCenter.HealthService" ConfirmDelivery="true" Remotable="true" Priority="Normal" DiscardLevel="60">
        <Category>System</Category>
        <DataSources>
          <DataSource ID="DS" TypeID="DWLib!Microsoft.SystemCenter.DataWarehouse.PublishedEventDataProviderCustomChannel">
            <ChannelId>0F4C0747-D344-4880-9EE3-A726BFC1D79A</ChannelId>
          </DataSource>
        </DataSources>
        <WriteActions>
          <WriteAction ID="WA_OMS" TypeID="System!System.PublishData" RunAs="System!System.PrivilegedMonitoringAccount" Target="SystemCenter!Microsoft.SystemCenter.CollectionManagementServer">
            <ManagementGroupId>$Target/ManagementGroup/Id$</ManagementGroupId>
            <ChannelId>58274C2B-A019-4FFA-BDDF-859F004D7BE2</ChannelId>
          </WriteAction>
          <WriteAction ID="WA_DW" TypeID="DWLib!Microsoft.SystemCenter.DataWarehouse.EventDataWriter" Target="DWLib!Microsoft.SystemCenter.DataWarehouseConnectorServer">
            <DataRoutingKey />
            <BulkInsertBatchSize>1000</BulkInsertBatchSize>
            <MaxBatchesToProcessBeforeMaintenanceCount>50</MaxBatchesToProcessBeforeMaintenanceCount>
            <MaxExecutionAttemptCount>0</MaxExecutionAttemptCount>
            <ExecutionAttemptTimeoutIntervalSeconds>0</ExecutionAttemptTimeoutIntervalSeconds>
          </WriteAction>
        </WriteActions>
      </Rule>
    </Rules>
    <Overrides>
      <RulePropertyOverride ID="P2P.OMSAdministration.DWMirroring.PerformanceCollect.Override.EnabledForOMSServers" Context="SystemCenter1!Microsoft.SystemCenter.Advisor.Library.ServerOptInOutGroup" Enforced="false" Rule="P2P.OMSAdministration.DWMirroring.PerformanceCollect" Property="Enabled">
        <Value>true</Value>
      </RulePropertyOverride>
      <RulePropertyOverride ID="P2P.OMSAdministration.DWMirroring.EventCollect.Override.EnabledForOMSServers" Context="SystemCenter1!Microsoft.SystemCenter.Advisor.Library.ServerOptInOutGroup" Enforced="false" Rule="P2P.OMSAdministration.DWMirroring.EventCollect" Property="Enabled">
        <Value>true</Value>
      </RulePropertyOverride>
      <RulePropertyOverride ID="P2P.OMSAdministration.DWMirroring.Overrides.DisableStandardCollectPerf" Context="SystemCenter1!Microsoft.SystemCenter.Advisor.Library.ServerOptInOutGroup" Enforced="false" Rule="DWLib!Microsoft.SystemCenter.DataWarehouse.CollectPerformanceData" Property="Enabled">
        <Value>false</Value>
      </RulePropertyOverride>
      <RulePropertyOverride ID="P2P.OMSAdministration.DWMirroring.Overrides.DisableStandardCollectEvent" Context="SystemCenter1!Microsoft.SystemCenter.Advisor.Library.ServerOptInOutGroup" Enforced="false" Rule="DWLib!Microsoft.SystemCenter.DataWarehouse.CollectEventData" Property="Enabled">
        <Value>false</Value>
      </RulePropertyOverride>
    </Overrides>
  </Monitoring>
  <LanguagePacks>
    <LanguagePack ID="ENU" IsDefault="true">
      <DisplayStrings>
        <DisplayString ElementID="P2P.OMSAdministration.DWMirroring.Overrides.DisableStandardCollectEvent">
          <Name>Disable Standard DW Event Collection</Name>
          <Description>Disables the Standard DW Collection to allow for DW and OMS Collection.</Description>
        </DisplayString>
        <DisplayString ElementID="P2P.OMSAdministration.DWMirroring.Overrides.DisableStandardCollectPerf">
          <Name>Disable Standard DW Performance Collection</Name>
          <Description>Disables the Standard DW Collection to allow for DW and OMS Collection.</Description>
        </DisplayString>
        <DisplayString ElementID="P2P.OMSAdministration.DWMirroring.EventCollect.Override.EnabledForOMSServers">
          <Name>Enable OMS Data Warehouse Mirroring Event</Name>
          <Description>Enables the OMS Mirror Rule that collects the Data Warehouse Stream</Description>
        </DisplayString>
        <DisplayString ElementID="P2P.OMSAdministration.DWMirroring.PerformanceCollect.Override.EnabledForOMSServers">
          <Name>Enable OMS Data Warehouse Mirroring Performance</Name>
          <Description>Enables the OMS Mirror Rule that collects the Data Warehouse Stream</Description>
        </DisplayString>
        <DisplayString ElementID="P2P.OMSAdministration.DWMirroring">
          <Name>P2P OMSAdministration DWMirroring</Name>
          <Description>P2P OMSAdministration DWMirroring</Description>
        </DisplayString>
      </DisplayStrings>
      <KnowledgeArticles></KnowledgeArticles>
    </LanguagePack>
  </LanguagePacks>
</ManagementPack>