﻿<?xml version="1.0" encoding="utf-8"?>
<ManagementPack SchemaVersion="2.0" ContentReadable="true" xmlns:xsd="http://www.w3.org/2001/XMLSchema">
  <Manifest>
    <Identity>
      <ID>P2P.OMSAdministration.RuleTemplates</ID>
      <Version>1.1.8.5</Version>
    </Identity>
    <Name>P2P.OMSAdministration.RuleTemplates</Name>
    <References>
      <Reference Alias="SC">
        <ID>Microsoft.SystemCenter.Library</ID>
        <Version>7.0.8433.0</Version>
        <PublicKeyToken>31bf3856ad364e35</PublicKeyToken>
      </Reference>
      <Reference Alias="MSRuleTemplate">
        <ID>Microsoft.SystemCenter.RuleTemplates</ID>
        <Version>7.1.10226.0</Version>
        <PublicKeyToken>31bf3856ad364e35</PublicKeyToken>
      </Reference>
      <Reference Alias="Windows">
        <ID>Microsoft.Windows.Library</ID>
        <Version>7.5.8501.0</Version>
        <PublicKeyToken>31bf3856ad364e35</PublicKeyToken>
      </Reference>
      <Reference Alias="AppLog">
        <ID>System.ApplicationLog.Library</ID>
        <Version>7.0.8433.0</Version>
        <PublicKeyToken>31bf3856ad364e35</PublicKeyToken>
      </Reference>
      <Reference Alias="System">
        <ID>System.Library</ID>
        <Version>7.5.8501.0</Version>
        <PublicKeyToken>31bf3856ad364e35</PublicKeyToken>
      </Reference>
      <Reference Alias="Performance">
        <ID>System.Performance.Library</ID>
        <Version>7.0.8433.0</Version>
        <PublicKeyToken>31bf3856ad364e35</PublicKeyToken>
      </Reference>
    </References>
  </Manifest>
  <TypeDefinitions>
    <SchemaTypes>
      <SchemaType ID="P2P.OMSAdministration.RuleTemplates.ManagementPackCategoryType" Accessibility="Internal">
        <xsd:simpleType name="ManagementPackCategoryType" xmlns:xsd="http://www.w3.org/2001/XMLSchema">
          <xsd:restriction base="xsd:string">
            <xsd:maxLength value="256" />
            <xsd:minLength value="1" />
            <xsd:enumeration value="PerformanceCollection" />
            <xsd:enumeration value="Operations" />
            <xsd:enumeration value="EventCollection" />
            <xsd:enumeration value="StateCollection" />
            <xsd:enumeration value="SoftwareAndUpdates" />
            <xsd:enumeration value="Alert" />
            <xsd:enumeration value="System" />
            <xsd:enumeration value="Custom" />
            <xsd:enumeration value="AvailabilityHealth" />
            <xsd:enumeration value="PerformanceHealth" />
            <xsd:enumeration value="ConfigurationHealth" />
            <xsd:enumeration value="SecurityHealth" />
            <xsd:enumeration value="Discovery" />
            <xsd:enumeration value="Notification" />
            <xsd:enumeration value="DSIntegration" />
            <xsd:enumeration value="ConnectorFramework" />
            <xsd:enumeration value="ExceptionMonitoring" />
            <xsd:enumeration value="Maintenance" />
          </xsd:restriction>
        </xsd:simpleType>
      </SchemaType>
      <SchemaType ID="P2P.OMSAdministration.RuleTemplates.ManagementPackIdentifiers" Accessibility="Internal">
        <xsd:simpleType name="ManagementPackUniqueIdentifier" xmlns:xsd="http://www.w3.org/2001/XMLSchema">
          <xsd:restriction base="xsd:ID">
            <xsd:minLength value="1" />
            <xsd:maxLength value="256" />
            <xsd:pattern value="[A-Za-z0-9_\.]+" />
          </xsd:restriction>
        </xsd:simpleType>
        <xsd:simpleType name="ManagementPackLanguageIdentifier" xmlns:xsd="http://www.w3.org/2001/XMLSchema">
          <xsd:restriction base="xsd:string">
            <xsd:minLength value="1" />
            <xsd:maxLength value="3" />
            <xsd:pattern value="[A-Z]+" />
          </xsd:restriction>
        </xsd:simpleType>
      </SchemaType>
    </SchemaTypes>
  </TypeDefinitions>
  <Templates>
    <Template ID="P2P.OMSAdministration.RuleTemplates.GenericCSVLogCollection" Purpose="RuleCreation">
      <Configuration>
        <IncludeSchemaTypes>
          <SchemaType>System!System.ExpressionEvaluatorSchema</SchemaType>
        </IncludeSchemaTypes>
        <xsd:element name="ID" type="xsd:string" xmlns:xsd="http://www.w3.org/2001/XMLSchema" />
        <xsd:element name="Name" type="xsd:string" xmlns:xsd="http://www.w3.org/2001/XMLSchema" />
        <xsd:element name="Enabled" type="xsd:string" xmlns:xsd="http://www.w3.org/2001/XMLSchema" />
        <xsd:element name="Description" type="xsd:string" xmlns:xsd="http://www.w3.org/2001/XMLSchema" />
        <xsd:element name="Target" type="xsd:string" xmlns:xsd="http://www.w3.org/2001/XMLSchema" />
        <xsd:element name="Category" type="xsd:string" xmlns:xsd="http://www.w3.org/2001/XMLSchema" />
        <xsd:element name="LocaleId" type="xsd:string" xmlns:xsd="http://www.w3.org/2001/XMLSchema" />
        <xsd:element name="LogFileDirectory" type="xsd:string" xmlns:xsd="http://www.w3.org/2001/XMLSchema" />
        <xsd:element name="LogFilePattern" type="xsd:string" xmlns:xsd="http://www.w3.org/2001/XMLSchema" />
        <xsd:element name="LogIsUTF8" type="xsd:string" xmlns:xsd="http://www.w3.org/2001/XMLSchema" />
        <xsd:element name="Separator" type="xsd:string" xmlns:xsd="http://www.w3.org/2001/XMLSchema" />
        <xsd:element name="Expression" type="ExpressionType" xmlns:xsd="http://www.w3.org/2001/XMLSchema" />
      </Configuration>
      <References>
        <Reference ID="System" />
        <Reference ID="AppLog" />
        <Reference ID="SC" />
        <Reference ID="SCDW" />
        <Reference ID="IPTypes" />
      </References>
      <Implementation>
        <Monitoring>
          <Rules>
            <Rule ID="$TemplateConfig/ID$" Target="$TemplateConfig/Target$" Enabled="$TemplateConfig/Enabled$">
              <Category>$TemplateConfig/Category$</Category>
              <DataSources>
                <DataSource ID="LogDS" TypeID="$Reference/AppLog$System.ApplicationLog.GenericCSVLog.FilteredEventProvider">
                  <LogFileDirectory>$TemplateConfig/LogFileDirectory$</LogFileDirectory>
                  <LogFilePattern>$TemplateConfig/LogFilePattern$</LogFilePattern>
                  <LogIsUTF8>$TemplateConfig/LogIsUTF8$</LogIsUTF8>
                  <Separator>$TemplateConfig/Separator$</Separator>
                  <Expression>$TemplateConfig/Expression$</Expression>
                </DataSource>
              </DataSources>
              <WriteActions>
                <WriteAction ID="HttpWA" TypeID="$Reference/IPTypes$Microsoft.SystemCenter.CollectCloudGenericEvent" />
              </WriteActions>
            </Rule>
          </Rules>
        </Monitoring>
        <LanguagePacks>
          <LanguagePack ID="$TemplateConfig/LocaleId$" IsDefault="true">
            <DisplayStrings>
              <DisplayString ElementID="$TemplateConfig/ID$">
                <Name>$TemplateConfig/Name$</Name>
                <Description>$TemplateConfig/Description$</Description>
              </DisplayString>
            </DisplayStrings>
          </LanguagePack>
        </LanguagePacks>
      </Implementation>
    </Template>
    <Template ID="P2P.OMSAdministration.RuleTemplates.GenericLogCollection" Purpose="RuleCreation">
      <Configuration>
        <IncludeSchemaTypes>
          <SchemaType>System!System.ExpressionEvaluatorSchema</SchemaType>
        </IncludeSchemaTypes>
        <xsd:element name="ID" type="xsd:string" xmlns:xsd="http://www.w3.org/2001/XMLSchema" />
        <xsd:element name="Name" type="xsd:string" xmlns:xsd="http://www.w3.org/2001/XMLSchema" />
        <xsd:element name="Enabled" type="xsd:string" xmlns:xsd="http://www.w3.org/2001/XMLSchema" />
        <xsd:element name="Description" type="xsd:string" xmlns:xsd="http://www.w3.org/2001/XMLSchema" />
        <xsd:element name="Target" type="xsd:string" xmlns:xsd="http://www.w3.org/2001/XMLSchema" />
        <xsd:element name="Category" type="xsd:string" xmlns:xsd="http://www.w3.org/2001/XMLSchema" />
        <xsd:element name="LocaleId" type="xsd:string" xmlns:xsd="http://www.w3.org/2001/XMLSchema" />
        <xsd:element name="LogFileDirectory" type="xsd:string" xmlns:xsd="http://www.w3.org/2001/XMLSchema" />
        <xsd:element name="LogFilePattern" type="xsd:string" xmlns:xsd="http://www.w3.org/2001/XMLSchema" />
        <xsd:element name="LogIsUTF8" type="xsd:string" xmlns:xsd="http://www.w3.org/2001/XMLSchema" />
        <xsd:element name="Expression" type="ExpressionType" xmlns:xsd="http://www.w3.org/2001/XMLSchema" />
      </Configuration>
      <References>
        <Reference ID="System" />
        <Reference ID="AppLog" />
        <Reference ID="SC" />
        <Reference ID="SCDW" />
        <Reference ID="IPTypes" />
      </References>
      <Implementation>
        <Monitoring>
          <Rules>
            <Rule ID="$TemplateConfig/ID$" Target="$TemplateConfig/Target$" Enabled="$TemplateConfig/Enabled$">
              <Category>$TemplateConfig/Category$</Category>
              <DataSources>
                <DataSource ID="LogDS" TypeID="$Reference/AppLog$System.ApplicationLog.GenericLog.FilteredEventProvider">
                  <LogFileDirectory>$TemplateConfig/LogFileDirectory$</LogFileDirectory>
                  <LogFilePattern>$TemplateConfig/LogFilePattern$</LogFilePattern>
                  <LogIsUTF8>$TemplateConfig/LogIsUTF8$</LogIsUTF8>
                  <Expression>$TemplateConfig/Expression$</Expression>
                </DataSource>
              </DataSources>
              <WriteActions>
                <WriteAction ID="HttpWA" TypeID="$Reference/IPTypes$Microsoft.SystemCenter.CollectCloudGenericEvent" />
              </WriteActions>
            </Rule>
          </Rules>
        </Monitoring>
        <LanguagePacks>
          <LanguagePack ID="$TemplateConfig/LocaleId$" IsDefault="true">
            <DisplayStrings>
              <DisplayString ElementID="$TemplateConfig/ID$">
                <Name>$TemplateConfig/Name$</Name>
                <Description>$TemplateConfig/Description$</Description>
              </DisplayString>
            </DisplayStrings>
          </LanguagePack>
        </LanguagePacks>
      </Implementation>
    </Template>
    <Template ID="P2P.OMSAdministration.RuleTemplates.ScriptEventCollection" Purpose="RuleCreation">
      <Configuration>
        <IncludeSchemaTypes>
          <SchemaType>System!System.ParamListSchema</SchemaType>
        </IncludeSchemaTypes>
        <xsd:element name="ID" type="xsd:string" xmlns:xsd="http://www.w3.org/2001/XMLSchema" />
        <xsd:element name="Name" type="xsd:string" xmlns:xsd="http://www.w3.org/2001/XMLSchema" />
        <xsd:element name="Enabled" type="xsd:string" xmlns:xsd="http://www.w3.org/2001/XMLSchema" />
        <xsd:element name="Description" type="xsd:string" xmlns:xsd="http://www.w3.org/2001/XMLSchema" />
        <xsd:element name="Target" type="xsd:string" xmlns:xsd="http://www.w3.org/2001/XMLSchema" />
        <xsd:element name="Category" type="xsd:string" xmlns:xsd="http://www.w3.org/2001/XMLSchema" />
        <xsd:element name="LocaleId" type="xsd:string" xmlns:xsd="http://www.w3.org/2001/XMLSchema" />
        <xsd:element name="IntervalSeconds" type="xsd:integer" xmlns:xsd="http://www.w3.org/2001/XMLSchema" />
        <xsd:element name="SyncTime" type="xsd:string" xmlns:xsd="http://www.w3.org/2001/XMLSchema" />
        <xsd:element name="ScriptName" type="xsd:string" xmlns:xsd="http://www.w3.org/2001/XMLSchema" />
        <xsd:element name="Arguments" type="xsd:string" xmlns:xsd="http://www.w3.org/2001/XMLSchema" />
        <xsd:element name="ScriptBody" type="xsd:string" xmlns:xsd="http://www.w3.org/2001/XMLSchema" />
        <xsd:element name="TimeoutSeconds" type="xsd:integer" xmlns:xsd="http://www.w3.org/2001/XMLSchema" />
        <xsd:element name="EventOriginId" type="xsd:string" xmlns:xsd="http://www.w3.org/2001/XMLSchema" />
        <xsd:element name="PublisherId" type="xsd:string" xmlns:xsd="http://www.w3.org/2001/XMLSchema" />
        <xsd:element name="PublisherName" type="xsd:string" xmlns:xsd="http://www.w3.org/2001/XMLSchema" />
        <xsd:element name="Channel" type="xsd:string" xmlns:xsd="http://www.w3.org/2001/XMLSchema" />
        <xsd:element name="LoggingComputer" type="xsd:string" xmlns:xsd="http://www.w3.org/2001/XMLSchema" />
        <xsd:element name="EventNumber" type="xsd:string" xmlns:xsd="http://www.w3.org/2001/XMLSchema" />
        <xsd:element name="EventCategory" type="xsd:string" xmlns:xsd="http://www.w3.org/2001/XMLSchema" />
        <xsd:element name="EventLevel" type="xsd:string" xmlns:xsd="http://www.w3.org/2001/XMLSchema" />
        <xsd:element name="UserName" type="xsd:string" xmlns:xsd="http://www.w3.org/2001/XMLSchema" />
        <xsd:element name="Description" type="xsd:string" minOccurs="0" maxOccurs="1" xmlns:xsd="http://www.w3.org/2001/XMLSchema" />
        <xsd:element name="Params" type="ParamListType" xmlns:xsd="http://www.w3.org/2001/XMLSchema" />
      </Configuration>
      <References>
        <Reference ID="System" />
        <Reference ID="Windows" />
        <Reference ID="SC" />
        <Reference ID="SCDW" />
        <Reference ID="IPTypes" />
      </References>
      <Implementation>
        <Monitoring>
          <Rules>
            <Rule ID="$TemplateConfig/ID$" Target="$TemplateConfig/Target$" Enabled="$TemplateConfig/Enabled$">
              <Category>$TemplateConfig/Category$</Category>
              <DataSources>
                <DataSource ID="DS" TypeID="$Reference/Windows$Microsoft.Windows.TimedScript.EventProvider">
                  <IntervalSeconds>$TemplateConfig/IntervalSeconds$</IntervalSeconds>
                  <SyncTime>$TemplateConfig/SyncTime$</SyncTime>
                  <ScriptName>$TemplateConfig/ScriptName$</ScriptName>
                  <Arguments>$TemplateConfig/Arguments$</Arguments>
                  <ScriptBody>$TemplateConfig/ScriptBody$</ScriptBody>
                  <TimeoutSeconds>$TemplateConfig/TimeoutSeconds$</TimeoutSeconds>
                  <EventOriginId>$TemplateConfig/EventOriginId$</EventOriginId>
                  <PublisherId>$TemplateConfig/PublisherId$</PublisherId>
                  <PublisherName>$TemplateConfig/PublisherName$</PublisherName>
                  <Channel>$TemplateConfig/Channel$</Channel>
                  <LoggingComputer>$TemplateConfig/LoggingComputer$</LoggingComputer>
                  <EventNumber>$TemplateConfig/EventNumber$</EventNumber>
                  <EventCategory>$TemplateConfig/EventCategory$</EventCategory>
                  <EventLevel>$TemplateConfig/EventLevel$</EventLevel>
                  <UserName>$TemplateConfig/UserName$</UserName>
                  <Params>$TemplateConfig/Params$</Params>
                </DataSource>
              </DataSources>
              <WriteActions>
                <WriteAction ID="HttpWA" TypeID="$Reference/IPTypes$Microsoft.SystemCenter.CollectCloudGenericEvent" />
              </WriteActions>
            </Rule>
          </Rules>
        </Monitoring>
        <LanguagePacks>
          <LanguagePack ID="$TemplateConfig/LocaleId$" IsDefault="true">
            <DisplayStrings>
              <DisplayString ElementID="$TemplateConfig/ID$">
                <Name>$TemplateConfig/Name$</Name>
                <Description>$TemplateConfig/Description$</Description>
              </DisplayString>
            </DisplayStrings>
          </LanguagePack>
        </LanguagePacks>
      </Implementation>
    </Template>
    <Template ID="P2P.OMSAdministration.RuleTemplates.ScriptPerfCollection" Purpose="RuleCreation">
      <Configuration>
        <xsd:element name="ID" type="xsd:string" xmlns:xsd="http://www.w3.org/2001/XMLSchema" />
        <xsd:element name="Name" type="xsd:string" xmlns:xsd="http://www.w3.org/2001/XMLSchema" />
        <xsd:element name="Enabled" type="xsd:string" xmlns:xsd="http://www.w3.org/2001/XMLSchema" />
        <xsd:element name="Description" type="xsd:string" xmlns:xsd="http://www.w3.org/2001/XMLSchema" />
        <xsd:element name="Target" type="xsd:string" xmlns:xsd="http://www.w3.org/2001/XMLSchema" />
        <xsd:element name="Category" type="xsd:string" xmlns:xsd="http://www.w3.org/2001/XMLSchema" />
        <xsd:element name="LocaleId" type="xsd:string" xmlns:xsd="http://www.w3.org/2001/XMLSchema" />
        <xsd:element name="IntervalSeconds" type="xsd:integer" xmlns:xsd="http://www.w3.org/2001/XMLSchema" />
        <xsd:element name="SyncTime" type="xsd:string" xmlns:xsd="http://www.w3.org/2001/XMLSchema" />
        <xsd:element name="ScriptName" type="xsd:string" xmlns:xsd="http://www.w3.org/2001/XMLSchema" />
        <xsd:element name="Arguments" type="xsd:string" xmlns:xsd="http://www.w3.org/2001/XMLSchema" />
        <xsd:element name="ScriptBody" type="xsd:string" xmlns:xsd="http://www.w3.org/2001/XMLSchema" />
        <xsd:element name="TimeoutSeconds" type="xsd:integer" xmlns:xsd="http://www.w3.org/2001/XMLSchema" />
        <xsd:element name="ObjectName" type="xsd:string" xmlns:xsd="http://www.w3.org/2001/XMLSchema" />
        <xsd:element name="CounterName" type="xsd:string" xmlns:xsd="http://www.w3.org/2001/XMLSchema" />
        <xsd:element name="InstanceName" type="xsd:string" minOccurs="0" maxOccurs="1" xmlns:xsd="http://www.w3.org/2001/XMLSchema" />
        <xsd:element name="Value" type="xsd:string" xmlns:xsd="http://www.w3.org/2001/XMLSchema" />
      </Configuration>
      <References>
        <Reference ID="System" />
        <Reference ID="Windows" />
        <Reference ID="SC" />
        <Reference ID="SCDW" />
        <Reference ID="IPTypes" />
      </References>
      <Implementation>
        <Monitoring>
          <Rules>
            <Rule ID="$TemplateConfig/ID$" Target="$TemplateConfig/Target$" Enabled="$TemplateConfig/Enabled$">
              <Category>$TemplateConfig/Category$</Category>
              <DataSources>
                <DataSource ID="DS" TypeID="$Reference/Windows$Microsoft.Windows.TimedScript.PerformanceProvider">
                  <IntervalSeconds>$TemplateConfig/IntervalSeconds$</IntervalSeconds>
                  <SyncTime>$TemplateConfig/SyncTime$</SyncTime>
                  <ScriptName>$TemplateConfig/ScriptName$</ScriptName>
                  <Arguments>$TemplateConfig/Arguments$</Arguments>
                  <ScriptBody>$TemplateConfig/ScriptBody$</ScriptBody>
                  <TimeoutSeconds>$TemplateConfig/TimeoutSeconds$</TimeoutSeconds>
                  <ObjectName>$TemplateConfig/ObjectName$</ObjectName>
                  <CounterName>$TemplateConfig/CounterName$</CounterName>
                  <InstanceName>$TemplateConfig/InstanceName$</InstanceName>
                  <Value>$TemplateConfig/Value$</Value>
                </DataSource>
              </DataSources>
              <WriteActions>
                <WriteAction ID="WriteToDB" TypeID="$Reference/SC$Microsoft.SystemCenter.CollectPerformanceData" />
                <WriteAction ID="WriteToDW" TypeID="$Reference/SCDW$Microsoft.SystemCenter.DataWarehouse.PublishPerformanceData" />
              </WriteActions>
            </Rule>
          </Rules>
        </Monitoring>
        <LanguagePacks>
          <LanguagePack ID="$TemplateConfig/LocaleId$" IsDefault="true">
            <DisplayStrings>
              <DisplayString ElementID="$TemplateConfig/ID$">
                <Name>$TemplateConfig/Name$</Name>
                <Description>$TemplateConfig/Description$</Description>
              </DisplayString>
            </DisplayStrings>
          </LanguagePack>
        </LanguagePacks>
      </Implementation>
    </Template>
    <Template ID="P2P.OMSAdministration.RuleTemplates.SyslogCollection" Purpose="RuleCreation">
      <Configuration>
        <IncludeSchemaTypes>
          <SchemaType>System!System.ExpressionEvaluatorSchema</SchemaType>
        </IncludeSchemaTypes>
        <xsd:element name="ID" type="xsd:string" xmlns:xsd="http://www.w3.org/2001/XMLSchema" />
        <xsd:element name="Name" type="xsd:string" xmlns:xsd="http://www.w3.org/2001/XMLSchema" />
        <xsd:element name="Enabled" type="xsd:string" xmlns:xsd="http://www.w3.org/2001/XMLSchema" />
        <xsd:element name="Description" type="xsd:string" xmlns:xsd="http://www.w3.org/2001/XMLSchema" />
        <xsd:element name="Target" type="xsd:string" xmlns:xsd="http://www.w3.org/2001/XMLSchema" />
        <xsd:element name="Category" type="xsd:string" xmlns:xsd="http://www.w3.org/2001/XMLSchema" />
        <xsd:element name="LocaleId" type="xsd:string" xmlns:xsd="http://www.w3.org/2001/XMLSchema" />
        <xsd:element name="Expression" type="ExpressionType" xmlns:xsd="http://www.w3.org/2001/XMLSchema" />
      </Configuration>
      <References>
        <Reference ID="System" />
        <Reference ID="AppLog" />
        <Reference ID="SC" />
        <Reference ID="SCDW" />
        <Reference ID="IPTypes" />
      </References>
      <Implementation>
        <Monitoring>
          <Rules>
            <Rule ID="$TemplateConfig/ID$" Target="$TemplateConfig/Target$" Enabled="$TemplateConfig/Enabled$">
              <Category>$TemplateConfig/Category$</Category>
              <DataSources>
                <DataSource ID="SyslogDS" TypeID="$Reference/AppLog$System.ApplicationLog.SysLog.FilteredEventProvider">
                  <Port>514</Port>
                  <Expression>$TemplateConfig/Expression$</Expression>
                </DataSource>
              </DataSources>
              <WriteActions>
                <WriteAction ID="HttpWA" TypeID="$Reference/IPTypes$Microsoft.SystemCenter.CollectCloudGenericEvent" />
              </WriteActions>
            </Rule>
          </Rules>
        </Monitoring>
        <LanguagePacks>
          <LanguagePack ID="$TemplateConfig/LocaleId$" IsDefault="true">
            <DisplayStrings>
              <DisplayString ElementID="$TemplateConfig/ID$">
                <Name>$TemplateConfig/Name$</Name>
                <Description>$TemplateConfig/Description$</Description>
              </DisplayString>
            </DisplayStrings>
          </LanguagePack>
        </LanguagePacks>
      </Implementation>
    </Template>
    <Template ID="P2P.OMSAdministration.RuleTemplates.WindowsEventCollection" Purpose="RuleCreation">
      <Configuration>
        <IncludeSchemaTypes>
          <SchemaType>Windows!Microsoft.Windows.ComputerNameSchema</SchemaType>
          <SchemaType>System!System.ExpressionEvaluatorSchema</SchemaType>
        </IncludeSchemaTypes>
        <xsd:element name="ID" type="xsd:string" xmlns:xsd="http://www.w3.org/2001/XMLSchema" />
        <xsd:element name="Name" type="xsd:string" xmlns:xsd="http://www.w3.org/2001/XMLSchema" />
        <xsd:element name="Enabled" type="xsd:string" xmlns:xsd="http://www.w3.org/2001/XMLSchema" />
        <xsd:element name="Description" type="xsd:string" xmlns:xsd="http://www.w3.org/2001/XMLSchema" />
        <xsd:element name="Target" type="xsd:string" xmlns:xsd="http://www.w3.org/2001/XMLSchema" />
        <xsd:element name="Category" type="xsd:string" xmlns:xsd="http://www.w3.org/2001/XMLSchema" />
        <xsd:element name="LocaleId" type="xsd:string" xmlns:xsd="http://www.w3.org/2001/XMLSchema" />
        <xsd:element name="ComputerName" type="ComputerNameType" minOccurs="0" maxOccurs="1" xmlns:xsd="http://www.w3.org/2001/XMLSchema" />
        <xsd:element name="LogName" type="xsd:string" xmlns:xsd="http://www.w3.org/2001/XMLSchema" />
        <xsd:element name="Expression" type="ExpressionType" xmlns:xsd="http://www.w3.org/2001/XMLSchema" />
      </Configuration>
      <References>
        <Reference ID="System" />
        <Reference ID="Windows" />
        <Reference ID="SC" />
        <Reference ID="SCDW" />
        <Reference ID="IPTypes" />
      </References>
      <Implementation>
        <Monitoring>
          <Rules>
            <Rule ID="$TemplateConfig/ID$" Target="$TemplateConfig/Target$" ConfirmDelivery="true" Enabled="$TemplateConfig/Enabled$">
              <Category>$TemplateConfig/Category$</Category>
              <DataSources>
                <DataSource ID="DS" TypeID="$Reference/Windows$Microsoft.Windows.EventCollector">
                  <ComputerName>$TemplateConfig/ComputerName$</ComputerName>
                  <LogName>$TemplateConfig/LogName$</LogName>
                  <AllowProxying>false</AllowProxying>
                  <Expression>$TemplateConfig/Expression$</Expression>
                </DataSource>
              </DataSources>
              <WriteActions>
                <WriteAction ID="HttpWA" TypeID="$Reference/IPTypes$Microsoft.SystemCenter.CollectCloudGenericEvent" />
              </WriteActions>
            </Rule>
          </Rules>
        </Monitoring>
        <LanguagePacks>
          <LanguagePack ID="$TemplateConfig/LocaleId$" IsDefault="true">
            <DisplayStrings>
              <DisplayString ElementID="$TemplateConfig/ID$">
                <Name>$TemplateConfig/Name$</Name>
                <Description>$TemplateConfig/Description$</Description>
              </DisplayString>
            </DisplayStrings>
          </LanguagePack>
        </LanguagePacks>
      </Implementation>
    </Template>
    <Template ID="P2P.OMSAdministration.RuleTemplates.WindowsPerformanceCollection" Purpose="RuleCreation">
      <Configuration>
        <xsd:element name="ID" type="xsd:string" xmlns:xsd="http://www.w3.org/2001/XMLSchema" />
        <xsd:element name="Name" type="xsd:string" xmlns:xsd="http://www.w3.org/2001/XMLSchema" />
        <xsd:element name="Enabled" type="xsd:string" xmlns:xsd="http://www.w3.org/2001/XMLSchema" />
        <xsd:element name="Description" type="xsd:string" xmlns:xsd="http://www.w3.org/2001/XMLSchema" />
        <xsd:element name="Target" type="xsd:string" xmlns:xsd="http://www.w3.org/2001/XMLSchema" />
        <xsd:element name="Category" type="xsd:string" xmlns:xsd="http://www.w3.org/2001/XMLSchema" />
        <xsd:element name="LocaleId" type="xsd:string" xmlns:xsd="http://www.w3.org/2001/XMLSchema" />
        <xsd:element minOccurs="0" maxOccurs="1" name="ComputerName" type="xsd:string" xmlns:xsd="http://www.w3.org/2001/XMLSchema" />
        <xsd:element minOccurs="1" maxOccurs="1" name="CounterName" type="xsd:string" xmlns:xsd="http://www.w3.org/2001/XMLSchema" />
        <xsd:element minOccurs="1" maxOccurs="1" name="ObjectName" type="xsd:string" xmlns:xsd="http://www.w3.org/2001/XMLSchema" />
        <xsd:element minOccurs="1" maxOccurs="1" name="InstanceName" type="xsd:string" xmlns:xsd="http://www.w3.org/2001/XMLSchema" />
        <xsd:element name="AllInstances" type="xsd:boolean" minOccurs="0" maxOccurs="1" xmlns:xsd="http://www.w3.org/2001/XMLSchema" />
        <xsd:element name="Frequency" type="xsd:unsignedInt" xmlns:xsd="http://www.w3.org/2001/XMLSchema" />
        <xsd:element minOccurs="1" maxOccurs="1" name="Tolerance" type="xsd:double" xmlns:xsd="http://www.w3.org/2001/XMLSchema" />
        <xsd:element minOccurs="0" maxOccurs="1" name="ToleranceType" xmlns:xsd="http://www.w3.org/2001/XMLSchema">
          <xsd:simpleType>
            <xsd:restriction base="xsd:string">
              <xsd:enumeration value="Absolute" />
              <xsd:enumeration value="Percentage" />
            </xsd:restriction>
          </xsd:simpleType>
        </xsd:element>
        <xsd:element minOccurs="1" maxOccurs="1" name="MaximumSampleSeparation" type="xsd:unsignedInt" xmlns:xsd="http://www.w3.org/2001/XMLSchema" />
      </Configuration>
      <References>
        <Reference ID="System" />
        <Reference ID="SC" />
        <Reference ID="SCDW" />
        <Reference ID="Performance" />
        <Reference ID="IPTypes" />
      </References>
      <Implementation>
        <Monitoring>
          <Rules>
            <Rule ID="$TemplateConfig/ID$" Target="$TemplateConfig/Target$" Enabled="$TemplateConfig/Enabled$">
              <Category>$TemplateConfig/Category$</Category>
              <DataSources>
                <DataSource ID="DS" TypeID="$Reference/Performance$System.Performance.OptimizedDataProvider">
                  <ComputerName>$TemplateConfig/ComputerName$</ComputerName>
                  <CounterName>$TemplateConfig/CounterName$</CounterName>
                  <ObjectName>$TemplateConfig/ObjectName$</ObjectName>
                  <InstanceName>$TemplateConfig/InstanceName$</InstanceName>
                  <AllInstances>$TemplateConfig/AllInstances$</AllInstances>
                  <Frequency>$TemplateConfig/Frequency$</Frequency>
                  <Tolerance>$TemplateConfig/Tolerance$</Tolerance>
                  <ToleranceType>$TemplateConfig/ToleranceType$</ToleranceType>
                  <MaximumSampleSeparation>$TemplateConfig/MaximumSampleSeparation$</MaximumSampleSeparation>
                </DataSource>
              </DataSources>
              <WriteActions>
                <WriteAction ID="HttpWACloud" TypeID="$Reference/IPTypes$Microsoft.SystemCenter.CollectCloudPerformanceData_PerfIP" />
              </WriteActions>
            </Rule>
          </Rules>
        </Monitoring>
        <LanguagePacks>
          <LanguagePack ID="$TemplateConfig/LocaleId$" IsDefault="true">
            <DisplayStrings>
              <DisplayString ElementID="$TemplateConfig/ID$">
                <Name>$TemplateConfig/Name$</Name>
                <Description>$TemplateConfig/Description$</Description>
              </DisplayString>
            </DisplayStrings>
          </LanguagePack>
        </LanguagePacks>
      </Implementation>
    </Template>
    <Template ID="P2P.OMSAdministration.RuleTemplates.WMIEventCollection" Purpose="RuleCreation">
      <Configuration>
        <xsd:element name="ID" type="xsd:string" xmlns:xsd="http://www.w3.org/2001/XMLSchema" />
        <xsd:element name="Name" type="xsd:string" xmlns:xsd="http://www.w3.org/2001/XMLSchema" />
        <xsd:element name="Enabled" type="xsd:string" xmlns:xsd="http://www.w3.org/2001/XMLSchema" />
        <xsd:element name="Description" type="xsd:string" xmlns:xsd="http://www.w3.org/2001/XMLSchema" />
        <xsd:element name="Target" type="xsd:string" xmlns:xsd="http://www.w3.org/2001/XMLSchema" />
        <xsd:element name="Category" type="xsd:string" xmlns:xsd="http://www.w3.org/2001/XMLSchema" />
        <xsd:element name="LocaleId" type="xsd:string" xmlns:xsd="http://www.w3.org/2001/XMLSchema" />
        <xsd:element name="NameSpace" type="xsd:string" xmlns:xsd="http://www.w3.org/2001/XMLSchema" />
        <xsd:element name="Query" type="xsd:string" xmlns:xsd="http://www.w3.org/2001/XMLSchema" />
        <xsd:element name="PollInterval" type="xsd:integer" xmlns:xsd="http://www.w3.org/2001/XMLSchema" />
      </Configuration>
      <References>
        <Reference ID="Windows" />
        <Reference ID="SC" />
        <Reference ID="SCDW" />
        <Reference ID="IPTypes" />
      </References>
      <Implementation>
        <Monitoring>
          <Rules>
            <Rule ID="$TemplateConfig/ID$" Target="$TemplateConfig/Target$" Enabled="$TemplateConfig/Enabled$">
              <Category>$TemplateConfig/Category$</Category>
              <DataSources>
                <DataSource ID="WMIDS" TypeID="$Reference/Windows$Microsoft.Windows.WmiEventProvider.EventProvider">
                  <NameSpace>$TemplateConfig/NameSpace$</NameSpace>
                  <Query>$TemplateConfig/Query$</Query>
                  <PollInterval>$TemplateConfig/PollInterval$</PollInterval>
                </DataSource>
              </DataSources>
              <WriteActions>
                <WriteAction ID="HttpWA" TypeID="$Reference/IPTypes$Microsoft.SystemCenter.CollectCloudGenericEvent" />
              </WriteActions>
            </Rule>
          </Rules>
        </Monitoring>
        <LanguagePacks>
          <LanguagePack ID="$TemplateConfig/LocaleId$" IsDefault="true">
            <DisplayStrings>
              <DisplayString ElementID="$TemplateConfig/ID$">
                <Name>$TemplateConfig/Name$</Name>
                <Description>$TemplateConfig/Description$</Description>
              </DisplayString>
            </DisplayStrings>
          </LanguagePack>
        </LanguagePacks>
      </Implementation>
    </Template>
    <Template ID="P2P.OMSAdministration.RuleTemplates.WMIPerfCollection" Purpose="RuleCreation">
      <Configuration>
        <xsd:element name="ID" type="xsd:string" xmlns:xsd="http://www.w3.org/2001/XMLSchema" />
        <xsd:element name="Name" type="xsd:string" xmlns:xsd="http://www.w3.org/2001/XMLSchema" />
        <xsd:element name="Enabled" type="xsd:string" xmlns:xsd="http://www.w3.org/2001/XMLSchema" />
        <xsd:element name="Description" type="xsd:string" xmlns:xsd="http://www.w3.org/2001/XMLSchema" />
        <xsd:element name="Target" type="xsd:string" xmlns:xsd="http://www.w3.org/2001/XMLSchema" />
        <xsd:element name="Category" type="xsd:string" xmlns:xsd="http://www.w3.org/2001/XMLSchema" />
        <xsd:element name="LocaleId" type="xsd:string" xmlns:xsd="http://www.w3.org/2001/XMLSchema" />
        <xsd:element name="NameSpace" type="xsd:string" xmlns:xsd="http://www.w3.org/2001/XMLSchema" />
        <xsd:element name="Query" type="xsd:string" xmlns:xsd="http://www.w3.org/2001/XMLSchema" />
        <xsd:element name="Frequency" type="xsd:unsignedInt" xmlns:xsd="http://www.w3.org/2001/XMLSchema" />
        <xsd:element name="ObjectName" type="xsd:string" xmlns:xsd="http://www.w3.org/2001/XMLSchema" />
        <xsd:element name="CounterName" type="xsd:string" xmlns:xsd="http://www.w3.org/2001/XMLSchema" />
        <xsd:element name="InstanceName" type="xsd:string" xmlns:xsd="http://www.w3.org/2001/XMLSchema" />
        <xsd:element name="Value" type="xsd:string" xmlns:xsd="http://www.w3.org/2001/XMLSchema" />
      </Configuration>
      <References>
        <Reference ID="System" />
        <Reference ID="Windows" />
        <Reference ID="SC" />
        <Reference ID="SCDW" />
        <Reference ID="IPTypes" />
      </References>
      <Implementation>
        <Monitoring>
          <Rules>
            <Rule ID="$TemplateConfig/ID$" Target="$TemplateConfig/Target$" Enabled="$TemplateConfig/Enabled$">
              <Category>$TemplateConfig/Category$</Category>
              <DataSources>
                <DataSource ID="DS" TypeID="$Reference/Windows$Microsoft.Windows.WmiPerfCounterProvider">
                  <NameSpace>$TemplateConfig/NameSpace$</NameSpace>
                  <Query>$TemplateConfig/Query$</Query>
                  <Frequency>$TemplateConfig/Frequency$</Frequency>
                  <ObjectName>$TemplateConfig/ObjectName$</ObjectName>
                  <CounterName>$TemplateConfig/CounterName$</CounterName>
                  <InstanceName>$TemplateConfig/InstanceName$</InstanceName>
                  <Value>$TemplateConfig/Value$</Value>
                </DataSource>
              </DataSources>
              <WriteActions>
                <WriteAction ID="WriteToDB" TypeID="$Reference/SC$Microsoft.SystemCenter.CollectPerformanceData" />
                <WriteAction ID="WriteToDW" TypeID="$Reference/SCDW$Microsoft.SystemCenter.DataWarehouse.PublishPerformanceData" />
              </WriteActions>
            </Rule>
          </Rules>
        </Monitoring>
        <LanguagePacks>
          <LanguagePack ID="$TemplateConfig/LocaleId$" IsDefault="true">
            <DisplayStrings>
              <DisplayString ElementID="$TemplateConfig/ID$">
                <Name>$TemplateConfig/Name$</Name>
                <Description>$TemplateConfig/Description$</Description>
              </DisplayString>
            </DisplayStrings>
          </LanguagePack>
        </LanguagePacks>
      </Implementation>
    </Template>
  </Templates>
  <PresentationTypes>
    <UIPages>
      <UIPage ID="P2P.OMSAdministration.RuleTemplates.RuleGeneralPage" Accessibility="Public">
        <Implementation>
          <Assembly>MSRuleTemplate!Res.Microsoft.SystemCenter.RuleTemplates.RuleGeneralPage</Assembly>
          <Type>Microsoft.EnterpriseManagement.Internal.UI.Authoring.Pages.RuleGeneralPage</Type>
        </Implementation>
      </UIPage>
    </UIPages>
    <UIPageSets>
      <UIPageSet ID="P2P.OMSAdministration.RuleTemplates.GenericCSVLogCollection.PageSet" TypeDefinitionID="P2P.OMSAdministration.RuleTemplates.GenericCSVLogCollection">
        <UIPageReferences>
          <UIPageReference ID="P2P.OMSAdministration.RuleTemplates.GenericCSVLogCollection.PageSet.PageReference1" PageID="P2P.OMSAdministration.RuleTemplates.RuleGeneralPage" Usage="CreationOnly">
            <InputTransform>
              <xsl:stylesheet version="1.0" xmlns:xsl="http://www.w3.org/1999/XSL/Transform">
                <xsl:output method="xml" indent="yes" omit-xml-declaration="yes" />
                <xsl:template match="/">
                  <xsl:element name="Category">
                    <xsl:copy>EventCollection</xsl:copy>
                  </xsl:element>
                </xsl:template>
              </xsl:stylesheet>
            </InputTransform>
          </UIPageReference>
          <UIPageReference ID="P2P.OMSAdministration.RuleTemplates.GenericCSVLogCollection.PageSet.PageReference2" PageID="AppLog!System.ApplicationLogDataSourcePage" Usage="CreationOnly">
            <InputParameters>
              <ShowLogFilePattern>true</ShowLogFilePattern>
              <ShowLogFileType>false</ShowLogFileType>
              <ShowLogFileUTF8>true</ShowLogFileUTF8>
              <ShowLogFileSeparator>true</ShowLogFileSeparator>
            </InputParameters>
          </UIPageReference>
          <UIPageReference ID="P2P.OMSAdministration.RuleTemplates.GenericCSVLogCollection.PageSet.PageReference3" PageID="System!System.ExpressionBuilderPage" Usage="CreationOnly">
            <InputParameters>
              <DataType>System.ApplicationLog.GenericLogEntryData</DataType>
            </InputParameters>
            <InputTransform>
              <xsl:stylesheet version="1.0" xmlns:xsl="http://www.w3.org/1999/XSL/Transform">
                <xsl:output method="xml" indent="yes" omit-xml-declaration="yes" />
                <xsl:template match="/">
                  <xsl:copy-of select="/Expression" />
                </xsl:template>
              </xsl:stylesheet>
            </InputTransform>
          </UIPageReference>
        </UIPageReferences>
        <OutputTransform>
          <xsl:stylesheet version="1.0" xmlns:xsl="http://www.w3.org/1999/XSL/Transform">
            <xsl:output method="xml" indent="yes" omit-xml-declaration="yes" />
            <xsl:template match="/">
              <xsl:element name="Configuration">
                <xsl:copy-of select="/ID" />
                <xsl:copy-of select="/Name" />
                <xsl:copy-of select="/Enabled" />
                <xsl:copy-of select="/Description" />
                <xsl:copy-of select="/Target" />
                <xsl:copy-of select="/Category" />
                <xsl:copy-of select="/LocaleId" />
                <xsl:element name="LogFileDirectory">
                  <xsl:value-of select="/LogFileDirectory[1]" />
                </xsl:element>
                <xsl:element name="LogFilePattern">
                  <xsl:value-of select="/LogFilePattern[1]" />
                </xsl:element>
                <xsl:element name="LogIsUTF8">
                  <xsl:value-of select="/LogIsUTF8[1]" />
                </xsl:element>
                <xsl:element name="Separator">
                  <xsl:value-of select="/Separator[1]" />
                </xsl:element>
                <xsl:element name="Expression">
                  <xsl:copy-of select="/Expression[1]/*" />
                </xsl:element>
              </xsl:element>
            </xsl:template>
          </xsl:stylesheet>
        </OutputTransform>
      </UIPageSet>
      <UIPageSet ID="P2P.OMSAdministration.RuleTemplates.GenericLogCollection.PageSet" TypeDefinitionID="P2P.OMSAdministration.RuleTemplates.GenericLogCollection">
        <UIPageReferences>
          <UIPageReference ID="P2P.OMSAdministration.RuleTemplates.GenericLogCollection.PageSet.PageReference1" PageID="P2P.OMSAdministration.RuleTemplates.RuleGeneralPage" Usage="CreationOnly">
            <InputTransform>
              <xsl:stylesheet version="1.0" xmlns:xsl="http://www.w3.org/1999/XSL/Transform">
                <xsl:output method="xml" indent="yes" omit-xml-declaration="yes" />
                <xsl:template match="/">
                  <xsl:element name="Category">
                    <xsl:copy>EventCollection</xsl:copy>
                  </xsl:element>
                </xsl:template>
              </xsl:stylesheet>
            </InputTransform>
          </UIPageReference>
          <UIPageReference ID="P2P.OMSAdministration.RuleTemplates.GenericLogCollection.PageSet.PageReference2" PageID="AppLog!System.ApplicationLogDataSourcePage" Usage="CreationOnly">
            <InputParameters>
              <ShowLogFilePattern>true</ShowLogFilePattern>
              <ShowLogFileType>false</ShowLogFileType>
              <ShowLogFileUTF8>true</ShowLogFileUTF8>
              <ShowLogFileSeparator>false</ShowLogFileSeparator>
            </InputParameters>
          </UIPageReference>
          <UIPageReference ID="P2P.OMSAdministration.RuleTemplates.GenericLogCollection.PageSet.PageReference3" PageID="System!System.ExpressionBuilderPage" Usage="CreationOnly">
            <InputParameters>
              <DataType>System.ApplicationLog.GenericLogEntryData</DataType>
            </InputParameters>
            <InputTransform>
              <xsl:stylesheet version="1.0" xmlns:xsl="http://www.w3.org/1999/XSL/Transform">
                <xsl:output method="xml" indent="yes" omit-xml-declaration="yes" />
                <xsl:template match="/">
                  <xsl:copy-of select="/Expression" />
                </xsl:template>
              </xsl:stylesheet>
            </InputTransform>
          </UIPageReference>
        </UIPageReferences>
        <OutputTransform>
          <xsl:stylesheet version="1.0" xmlns:xsl="http://www.w3.org/1999/XSL/Transform">
            <xsl:output method="xml" indent="yes" omit-xml-declaration="yes" />
            <xsl:template match="/">
              <xsl:element name="Configuration">
                <xsl:copy-of select="/ID" />
                <xsl:copy-of select="/Name" />
                <xsl:copy-of select="/Enabled" />
                <xsl:copy-of select="/Description" />
                <xsl:copy-of select="/Target" />
                <xsl:copy-of select="/Category" />
                <xsl:copy-of select="/LocaleId" />
                <xsl:element name="LogFileDirectory">
                  <xsl:value-of select="/LogFileDirectory[1]" />
                </xsl:element>
                <xsl:element name="LogFilePattern">
                  <xsl:value-of select="/LogFilePattern[1]" />
                </xsl:element>
                <xsl:element name="LogIsUTF8">
                  <xsl:value-of select="/LogIsUTF8[1]" />
                </xsl:element>
                <xsl:element name="Expression">
                  <xsl:copy-of select="/Expression[1]/*" />
                </xsl:element>
              </xsl:element>
            </xsl:template>
          </xsl:stylesheet>
        </OutputTransform>
      </UIPageSet>
      <UIPageSet ID="P2P.OMSAdministration.RuleTemplates.ScriptEventCollection.PageSet" TypeDefinitionID="P2P.OMSAdministration.RuleTemplates.ScriptEventCollection">
        <UIPageReferences>
          <UIPageReference ID="P2P.OMSAdministration.RuleTemplates.ScriptEventCollection.PageSet.PageReference1" PageID="P2P.OMSAdministration.RuleTemplates.RuleGeneralPage" Usage="CreationOnly">
            <InputTransform>
              <xsl:stylesheet version="1.0" xmlns:xsl="http://www.w3.org/1999/XSL/Transform">
                <xsl:output method="xml" indent="yes" omit-xml-declaration="yes" />
                <xsl:template match="/">
                  <xsl:element name="Category">
                    <xsl:copy>EventCollection</xsl:copy>
                  </xsl:element>
                </xsl:template>
              </xsl:stylesheet>
            </InputTransform>
          </UIPageReference>
          <UIPageReference ID="P2P.OMSAdministration.RuleTemplates.ScriptEventCollection.PageSet.PageReference2" PageID="System!System.SimpleSchedulerPage" Usage="CreationOnly">
            <InputTransform>
              <xsl:stylesheet version="1.0" xmlns:xsl="http://www.w3.org/1999/XSL/Transform">
                <xsl:output method="xml" indent="yes" omit-xml-declaration="yes" />
                <xsl:template match="/">
                  <xsl:element name="SimpleReccuringSchedule">
                    <xsl:element name="Interval">
                      <xsl:attribute name="Unit">Minutes</xsl:attribute>15
                    </xsl:element>
                  </xsl:element>
                </xsl:template>
              </xsl:stylesheet>
            </InputTransform>
          </UIPageReference>
          <UIPageReference ID="P2P.OMSAdministration.RuleTemplates.ScriptEventCollection.PageSet.PageReference3" PageID="Windows!Microsoft.Windows.ScriptPage" Usage="CreationOnly">
            <InputParameters>
              <ScriptName>MyEventCollectionScript.vbs</ScriptName>
              <ScriptBody>
                ' Enter a script that outputs the required data to generate the event using a property bag
                ' Example VBScript that returns three properties:
                '
                ' Dim oAPI, oBag
                ' Set oAPI = CreateObject("MOM.ScriptAPI")
                ' Set oBag = oAPI.CreatePropertyBag()
                ' Call oBag.AddValue("EventID",10)
                ' Call oBag.AddValue("EventParam1","SomeText")
                ' Call oBag.AddValue("EventParam2","SomeText")
                ' Call oAPI.Return(oBag)
              </ScriptBody>
            </InputParameters>
            <InputTransform>
              <xsl:stylesheet version="1.0" xmlns:xsl="http://www.w3.org/1999/XSL/Transform">
                <xsl:output method="xml" indent="yes" omit-xml-declaration="yes" />
                <xsl:template match="/">
                  <xsl:copy-of select="/ScriptName" />
                  <xsl:copy-of select="/Arguments" />
                  <xsl:copy-of select="/ScriptBody" />
                  <xsl:copy-of select="/TimeOutSeconds" />
                </xsl:template>
              </xsl:stylesheet>
            </InputTransform>
          </UIPageReference>
          <UIPageReference ID="P2P.OMSAdministration.RuleTemplates.ScriptEventCollection.PageSet.PageReference4" PageID="Windows!Microsoft.Windows.EventMapperPage" Usage="CreationOnly">
            <InputParameters>
              <EventNumber>$Data/Property[@Name='EventID']$</EventNumber>
              <PublisherName>CustomScript</PublisherName>
              <Channel>CustomScript</Channel>
              <EventCategory>0</EventCategory>
            </InputParameters>
            <Title ID="P2P.OMSAdministration.RuleTemplates.ScriptEventCollection.PageSet.PageReference4.Title" />
            <TabName ID="P2P.OMSAdministration.RuleTemplates.ScriptEventCollection.PageSet.PageReference4.TabName" />
          </UIPageReference>
        </UIPageReferences>
        <OutputTransform>
          <xsl:stylesheet version="1.0" xmlns:xsl="http://www.w3.org/1999/XSL/Transform">
            <xsl:output method="xml" indent="yes" omit-xml-declaration="yes" />
            <xsl:template match="/">
              <xsl:element name="Configuration">
                <xsl:copy-of select="/ID" />
                <xsl:copy-of select="/Name" />
                <xsl:copy-of select="/Enabled" />
                <xsl:copy-of select="/Description[1]" />
                <xsl:copy-of select="/Target" />
                <xsl:copy-of select="/Category" />
                <xsl:copy-of select="/LocaleId" />
                <xsl:element name="IntervalSeconds">
                  <xsl:variable name="RawInterval" select="/SimpleReccuringSchedule/Interval" />
                  <xsl:variable name="Units" select="/SimpleReccuringSchedule/Interval/@Unit" />
                  <xsl:choose>
                    <xsl:when test="not(boolean($Units)) or $Units='Seconds'">
                      <xsl:value-of select="$RawInterval" />
                    </xsl:when>
                    <xsl:when test="$Units='Minutes'">
                      <xsl:value-of select="$RawInterval*60" />
                    </xsl:when>
                    <xsl:when test="$Units='Hours'">
                      <xsl:value-of select="$RawInterval*3600" />
                    </xsl:when>
                    <xsl:when test="$Units='Days'">
                      <xsl:value-of select="$RawInterval*86400" />
                    </xsl:when>
                  </xsl:choose>
                </xsl:element>
                <xsl:element name="SyncTime">
                  <xsl:value-of select="/SimpleReccuringSchedule/SyncTime" />
                </xsl:element>
                <xsl:element name="ScriptName">
                  <xsl:value-of select="/ScriptName[1]" />
                </xsl:element>
                <xsl:element name="Arguments">
                  <xsl:value-of select="/Arguments[1]" />
                </xsl:element>
                <xsl:element name="ScriptBody">
                  <xsl:value-of select="/ScriptBody[1]" />
                </xsl:element>
                <xsl:element name="TimeoutSeconds">
                  <xsl:value-of select="/TimeoutSeconds[1]" />
                </xsl:element>
                <xsl:copy-of select="/EventOriginId" />
                <xsl:copy-of select="/PublisherId" />
                <xsl:copy-of select="/PublisherName" />
                <xsl:copy-of select="/Channel" />
                <xsl:copy-of select="/LoggingComputer" />
                <xsl:copy-of select="/EventNumber" />
                <xsl:copy-of select="/EventCategory" />
                <xsl:copy-of select="/EventLevel" />
                <xsl:copy-of select="/UserName" />
                <xsl:copy-of select="/Description[2]" />
                <xsl:copy-of select="/Params" />
              </xsl:element>
            </xsl:template>
          </xsl:stylesheet>
        </OutputTransform>
      </UIPageSet>
      <UIPageSet ID="P2P.OMSAdministration.RuleTemplates.ScriptPerfCollection.PageSet" TypeDefinitionID="P2P.OMSAdministration.RuleTemplates.ScriptPerfCollection">
        <UIPageReferences>
          <UIPageReference ID="P2P.OMSAdministration.RuleTemplates.ScriptPerfCollection.PageSet.PageReference1" PageID="P2P.OMSAdministration.RuleTemplates.RuleGeneralPage" Usage="CreationOnly">
            <InputTransform>
              <xsl:stylesheet version="1.0" xmlns:xsl="http://www.w3.org/1999/XSL/Transform">
                <xsl:output method="xml" indent="yes" omit-xml-declaration="yes" />
                <xsl:template match="/">
                  <xsl:element name="Category">
                    <xsl:copy>PerformanceCollection</xsl:copy>
                  </xsl:element>
                </xsl:template>
              </xsl:stylesheet>
            </InputTransform>
          </UIPageReference>
          <UIPageReference ID="P2P.OMSAdministration.RuleTemplates.ScriptPerfCollection.PageSet.PageReference2" PageID="System!System.SimpleSchedulerPage" Usage="CreationOnly">
            <InputTransform>
              <xsl:stylesheet version="1.0" xmlns:xsl="http://www.w3.org/1999/XSL/Transform">
                <xsl:output method="xml" indent="yes" omit-xml-declaration="yes" />
                <xsl:template match="/">
                  <xsl:element name="SimpleReccuringSchedule">
                    <xsl:element name="Interval">
                      <xsl:attribute name="Unit">Minutes</xsl:attribute>15
                    </xsl:element>
                  </xsl:element>
                </xsl:template>
              </xsl:stylesheet>
            </InputTransform>
          </UIPageReference>
          <UIPageReference ID="P2P.OMSAdministration.RuleTemplates.ScriptPerfCollection.PageSet.PageReference3" PageID="Windows!Microsoft.Windows.ScriptPage" Usage="CreationOnly">
            <InputParameters>
              <ScriptName>MyPerfCollectionScript.vbs</ScriptName>
              <ScriptBody>
                ' Enter a script that outputs a property bag with a performance value in it
                ' Example VBScript that returns a static value named "PerfValue":
                '
                ' Dim oAPI, oBag
                ' Set oAPI = CreateObject("MOM.ScriptAPI")
                ' Set oBag = oAPI.CreatePropertyBag()
                ' Call oBag.AddValue("PerfValue",10)
                ' Call oAPI.Return(oBag)
              </ScriptBody>
            </InputParameters>
            <InputTransform>
              <xsl:stylesheet version="1.0" xmlns:xsl="http://www.w3.org/1999/XSL/Transform">
                <xsl:output method="xml" indent="yes" omit-xml-declaration="yes" />
                <xsl:template match="/">
                  <xsl:copy-of select="/ScriptName" />
                  <xsl:copy-of select="/Arguments" />
                  <xsl:copy-of select="/ScriptBody" />
                  <xsl:copy-of select="/TimeOutSeconds" />
                </xsl:template>
              </xsl:stylesheet>
            </InputTransform>
          </UIPageReference>
          <UIPageReference ID="P2P.OMSAdministration.RuleTemplates.ScriptPerfCollection.PageSet.PageReference4" PageID="Windows!Microsoft.Windows.PerformanceMapperPage" Usage="CreationOnly">
            <InputParameters>
              <ObjectName>MyObject</ObjectName>
              <CounterName>MyCounter</CounterName>
              <InstanceName>MyInstance</InstanceName>
              <Value>$Data/Property[@Name='PerfValue']$</Value>
            </InputParameters>
            <InputTransform>
              <xsl:stylesheet version="1.0" xmlns:xsl="http://www.w3.org/1999/XSL/Transform">
                <xsl:output method="xml" indent="yes" omit-xml-declaration="yes" />
                <xsl:template match="/">
                  <xsl:copy-of select="/ObjectName" />
                  <xsl:copy-of select="/CounterName" />
                  <xsl:copy-of select="/InstanceName" />
                  <xsl:copy-of select="/Value" />
                </xsl:template>
              </xsl:stylesheet>
            </InputTransform>
          </UIPageReference>
        </UIPageReferences>
        <OutputTransform>
          <xsl:stylesheet version="1.0" xmlns:xsl="http://www.w3.org/1999/XSL/Transform">
            <xsl:output method="xml" indent="yes" omit-xml-declaration="yes" />
            <xsl:template match="/">
              <xsl:element name="Configuration">
                <xsl:copy-of select="/ID" />
                <xsl:copy-of select="/Name" />
                <xsl:copy-of select="/Enabled" />
                <xsl:copy-of select="/Description" />
                <xsl:copy-of select="/Target" />
                <xsl:copy-of select="/Category" />
                <xsl:copy-of select="/LocaleId" />
                <xsl:element name="IntervalSeconds">
                  <xsl:variable name="RawInterval" select="/SimpleReccuringSchedule/Interval" />
                  <xsl:variable name="Units" select="/SimpleReccuringSchedule/Interval/@Unit" />
                  <xsl:choose>
                    <xsl:when test="not(boolean($Units)) or $Units='Seconds'">
                      <xsl:value-of select="$RawInterval" />
                    </xsl:when>
                    <xsl:when test="$Units='Minutes'">
                      <xsl:value-of select="$RawInterval*60" />
                    </xsl:when>
                    <xsl:when test="$Units='Hours'">
                      <xsl:value-of select="$RawInterval*3600" />
                    </xsl:when>
                    <xsl:when test="$Units='Days'">
                      <xsl:value-of select="$RawInterval*86400" />
                    </xsl:when>
                  </xsl:choose>
                </xsl:element>
                <xsl:element name="SyncTime">
                  <xsl:value-of select="/SimpleReccuringSchedule/SyncTime" />
                </xsl:element>
                <xsl:element name="ScriptName">
                  <xsl:value-of select="/ScriptName[1]" />
                </xsl:element>
                <xsl:element name="Arguments">
                  <xsl:value-of select="/Arguments[1]" />
                </xsl:element>
                <xsl:element name="ScriptBody">
                  <xsl:value-of select="/ScriptBody[1]" />
                </xsl:element>
                <xsl:element name="TimeoutSeconds">
                  <xsl:value-of select="/TimeoutSeconds[1]" />
                </xsl:element>
                <xsl:copy-of select="/ObjectName" />
                <xsl:copy-of select="/CounterName" />
                <xsl:copy-of select="/InstanceName" />
                <xsl:copy-of select="/Value" />
              </xsl:element>
            </xsl:template>
          </xsl:stylesheet>
        </OutputTransform>
      </UIPageSet>
      <UIPageSet ID="P2P.OMSAdministration.RuleTemplates.SyslogCollection.PageSet" TypeDefinitionID="P2P.OMSAdministration.RuleTemplates.SyslogCollection">
        <UIPageReferences>
          <UIPageReference ID="P2P.OMSAdministration.RuleTemplates.SyslogCollection.PageSet.PageReference1" PageID="P2P.OMSAdministration.RuleTemplates.RuleGeneralPage" Usage="CreationOnly">
            <InputTransform>
              <xsl:stylesheet version="1.0" xmlns:xsl="http://www.w3.org/1999/XSL/Transform">
                <xsl:output method="xml" indent="yes" omit-xml-declaration="yes" />
                <xsl:template match="/">
                  <xsl:element name="Category">
                    <xsl:copy>EventCollection</xsl:copy>
                  </xsl:element>
                </xsl:template>
              </xsl:stylesheet>
            </InputTransform>
          </UIPageReference>
          <UIPageReference ID="P2P.OMSAdministration.RuleTemplates.SyslogCollection.PageSet.PageReference2" PageID="System!System.ExpressionBuilderPage" Usage="CreationOnly">
            <InputParameters>
              <DataType>System.ApplicationLog.SysLogData</DataType>
            </InputParameters>
          </UIPageReference>
        </UIPageReferences>
        <OutputTransform>
          <xsl:stylesheet version="1.0" xmlns:xsl="http://www.w3.org/1999/XSL/Transform">
            <xsl:output method="xml" indent="yes" omit-xml-declaration="yes" />
            <xsl:template match="/">
              <xsl:element name="Configuration">
                <xsl:copy-of select="/*" />
              </xsl:element>
            </xsl:template>
          </xsl:stylesheet>
        </OutputTransform>
      </UIPageSet>
      <UIPageSet ID="P2P.OMSAdministration.RuleTemplates.WindowsEventCollection.PageSet" TypeDefinitionID="P2P.OMSAdministration.RuleTemplates.WindowsEventCollection">
        <UIPageReferences>
          <UIPageReference ID="P2P.OMSAdministration.RuleTemplates.WindowsEventCollection.PageSet.PageReference1" PageID="P2P.OMSAdministration.RuleTemplates.RuleGeneralPage" Usage="CreationOnly">
            <InputTransform>
              <xsl:stylesheet version="1.0" xmlns:xsl="http://www.w3.org/1999/XSL/Transform">
                <xsl:output method="xml" indent="yes" omit-xml-declaration="yes" />
                <xsl:template match="/">
                  <xsl:element name="Category">
                    <xsl:copy>EventCollection</xsl:copy>
                  </xsl:element>
                </xsl:template>
              </xsl:stylesheet>
            </InputTransform>
          </UIPageReference>
          <UIPageReference ID="P2P.OMSAdministration.RuleTemplates.WindowsEventCollection.PageSet.PageReference2" PageID="Windows!Microsoft.Windows.EventLogNamePage" Usage="CreationOnly">
            <InputTransform>
              <xsl:stylesheet version="1.0" xmlns:xsl="http://www.w3.org/1999/XSL/Transform">
                <xsl:output method="xml" indent="yes" omit-xml-declaration="yes" />
                <xsl:template match="/">
                  <xsl:copy-of select="/ComputerName" />
                  <xsl:copy-of select="/LogName" />
                </xsl:template>
              </xsl:stylesheet>
            </InputTransform>
          </UIPageReference>
          <UIPageReference ID="P2P.OMSAdministration.RuleTemplates.WindowsEventCollection.PageSet.PageReference3" PageID="System!System.ExpressionBuilderPage" Usage="CreationOnly">
            <InputParameters>
              <DataType>System.Event.Data</DataType>
            </InputParameters>
            <InputTransform>
              <xsl:stylesheet version="1.0" xmlns:xsl="http://www.w3.org/1999/XSL/Transform">
                <xsl:output method="xml" indent="yes" omit-xml-declaration="yes" />
                <xsl:template match="/">
                  <xsl:copy-of select="/Expression" />
                </xsl:template>
              </xsl:stylesheet>
            </InputTransform>
          </UIPageReference>
        </UIPageReferences>
        <OutputTransform>
          <xsl:stylesheet version="1.0" xmlns:xsl="http://www.w3.org/1999/XSL/Transform">
            <xsl:output method="xml" indent="yes" omit-xml-declaration="yes" />
            <xsl:template match="/Configuration/Category">
              <xsl:copy>EventCollection</xsl:copy>
            </xsl:template>
            <xsl:template match="/">
              <xsl:element name="Configuration">
                <xsl:copy-of select="/*" />
              </xsl:element>
            </xsl:template>
          </xsl:stylesheet>
        </OutputTransform>
      </UIPageSet>
      <UIPageSet ID="P2P.OMSAdministration.RuleTemplates.WindowsPerformanceCollection.PageSet" TypeDefinitionID="P2P.OMSAdministration.RuleTemplates.WindowsPerformanceCollection">
        <UIPageReferences>
          <UIPageReference ID="P2P.OMSAdministration.RuleTemplates.WindowsPerformanceCollection.PageSet.PageReference1" PageID="P2P.OMSAdministration.RuleTemplates.RuleGeneralPage" Usage="CreationOnly">
            <InputTransform>
              <xsl:stylesheet version="1.0" xmlns:xsl="http://www.w3.org/1999/XSL/Transform">
                <xsl:output method="xml" indent="yes" omit-xml-declaration="yes" />
                <xsl:template match="/">
                  <xsl:element name="Category">
                    <xsl:copy>PerformanceCollection</xsl:copy>
                  </xsl:element>
                </xsl:template>
              </xsl:stylesheet>
            </InputTransform>
          </UIPageReference>
          <UIPageReference ID="P2P.OMSAdministration.RuleTemplates.WindowsPerformanceCollection.PageSet.PageReference2" PageID="Performance!System.Performance.CounterPage" Usage="CreationOnly" />
          <UIPageReference ID="P2P.OMSAdministration.RuleTemplates.WindowsPerformanceCollection.PageSet.PageReference3" PageID="Performance!System.Performance.OptimizedCollectionPage" Usage="CreationOnly" />
        </UIPageReferences>
        <OutputTransform>
          <xsl:stylesheet version="1.0" xmlns:xsl="http://www.w3.org/1999/XSL/Transform">
            <xsl:output method="xml" indent="yes" omit-xml-declaration="yes" />
            <xsl:template match="/Configuration/Category">
              <xsl:copy>PerformanceCollection</xsl:copy>
            </xsl:template>
            <xsl:template match="/">
              <xsl:element name="Configuration">
                <xsl:copy-of select="/*" />
              </xsl:element>
            </xsl:template>
          </xsl:stylesheet>
        </OutputTransform>
      </UIPageSet>
      <UIPageSet ID="P2P.OMSAdministration.RuleTemplates.WMIEventCollection.PageSet" TypeDefinitionID="P2P.OMSAdministration.RuleTemplates.WMIEventCollection">
        <UIPageReferences>
          <UIPageReference ID="P2P.OMSAdministration.RuleTemplates.WMIEventCollection.PageSet.PageReference1" PageID="P2P.OMSAdministration.RuleTemplates.RuleGeneralPage" Usage="CreationOnly">
            <InputTransform>
              <xsl:stylesheet version="1.0" xmlns:xsl="http://www.w3.org/1999/XSL/Transform">
                <xsl:output method="xml" indent="yes" omit-xml-declaration="yes" />
                <xsl:template match="/">
                  <xsl:element name="Category">
                    <xsl:copy>EventCollection</xsl:copy>
                  </xsl:element>
                </xsl:template>
              </xsl:stylesheet>
            </InputTransform>
          </UIPageReference>
          <UIPageReference ID="P2P.OMSAdministration.RuleTemplates.WMIEventCollection.PageSet.PageReference2" PageID="Windows!Microsoft.Windows.WmiEventProviderPage" Usage="CreationOnly" />
        </UIPageReferences>
        <OutputTransform>
          <xsl:stylesheet version="1.0" xmlns:xsl="http://www.w3.org/1999/XSL/Transform">
            <xsl:output method="xml" indent="yes" omit-xml-declaration="yes" />
            <xsl:template match="/">
              <xsl:element name="Configuration">
                <xsl:copy-of select="/*" />
              </xsl:element>
            </xsl:template>
          </xsl:stylesheet>
        </OutputTransform>
      </UIPageSet>
      <UIPageSet ID="P2P.OMSAdministration.RuleTemplates.WMIPerfCollection.PageSet" TypeDefinitionID="P2P.OMSAdministration.RuleTemplates.WMIPerfCollection">
        <UIPageReferences>
          <UIPageReference ID="P2P.OMSAdministration.RuleTemplates.WMIPerfCollection.PageSet.PageReference1" PageID="P2P.OMSAdministration.RuleTemplates.RuleGeneralPage" Usage="CreationOnly">
            <InputTransform>
              <xsl:stylesheet version="1.0" xmlns:xsl="http://www.w3.org/1999/XSL/Transform">
                <xsl:output method="xml" indent="yes" omit-xml-declaration="yes" />
                <xsl:template match="/">
                  <xsl:element name="Category">
                    <xsl:copy>PerformanceCollection</xsl:copy>
                  </xsl:element>
                </xsl:template>
              </xsl:stylesheet>
            </InputTransform>
          </UIPageReference>
          <UIPageReference ID="P2P.OMSAdministration.RuleTemplates.WMIPerfCollection.PageSet.PageReference2" PageID="Windows!Microsoft.Windows.WmiProviderPage" Usage="CreationOnly" />
          <UIPageReference ID="P2P.OMSAdministration.RuleTemplates.WMIPerfCollection.PageSet.PageReference3" PageID="Windows!Microsoft.Windows.PerformanceMapperPage" Usage="CreationOnly" />
        </UIPageReferences>
        <OutputTransform>
          <xsl:stylesheet version="1.0" xmlns:xsl="http://www.w3.org/1999/XSL/Transform">
            <xsl:output method="xml" indent="yes" omit-xml-declaration="yes" />
            <xsl:template match="/Configuration/Category">
              <xsl:copy>PerformanceCollection</xsl:copy>
            </xsl:template>
            <xsl:template match="/">
              <xsl:element name="Configuration">
                <xsl:copy-of select="/*" />
              </xsl:element>
            </xsl:template>
          </xsl:stylesheet>
        </OutputTransform>
      </UIPageSet>
    </UIPageSets>
  </PresentationTypes>
  <Presentation>
    <Folders>
      <Folder ID="P2P.OMSAdministration.RuleTemplates.Folder.Collection" Accessibility="Public" ParentFolder="SC!Microsoft.SystemCenter.Authoring.RuleTypeFolder.Root" />
      <Folder ID="P2P.OMSAdministration.RuleTemplates.Folder.Collection.Event" Accessibility="Public" ParentFolder="P2P.OMSAdministration.RuleTemplates.Folder.Collection" />
      <Folder ID="P2P.OMSAdministration.RuleTemplates.Folder.Collection.Performance" Accessibility="Public" ParentFolder="P2P.OMSAdministration.RuleTemplates.Folder.Collection" />
      <Folder ID="P2P.OMSAdministration.RuleTemplates.Folder.Collection.Probe" Accessibility="Public" ParentFolder="P2P.OMSAdministration.RuleTemplates.Folder.Collection" />
    </Folders>
    <FolderItems>
      <FolderItem ElementID="P2P.OMSAdministration.RuleTemplates.GenericCSVLogCollection" ID="P2P.OMSAdministration.RuleTemplates.GenericCSVLogCollection" Folder="P2P.OMSAdministration.RuleTemplates.Folder.Collection.Event" />
      <FolderItem ElementID="P2P.OMSAdministration.RuleTemplates.GenericLogCollection" ID="P2P.OMSAdministration.RuleTemplates.GenericLogCollection" Folder="P2P.OMSAdministration.RuleTemplates.Folder.Collection.Event" />
      <FolderItem ElementID="P2P.OMSAdministration.RuleTemplates.ScriptEventCollection" ID="P2P.OMSAdministration.RuleTemplates.ScriptEventCollection" Folder="P2P.OMSAdministration.RuleTemplates.Folder.Collection.Probe" />
      <FolderItem ElementID="P2P.OMSAdministration.RuleTemplates.ScriptPerfCollection" ID="P2P.OMSAdministration.RuleTemplates.ScriptPerfCollection" Folder="P2P.OMSAdministration.RuleTemplates.Folder.Collection.Probe" />
      <FolderItem ElementID="P2P.OMSAdministration.RuleTemplates.SyslogCollection" ID="P2P.OMSAdministration.RuleTemplates.SyslogCollection" Folder="P2P.OMSAdministration.RuleTemplates.Folder.Collection.Event" />
      <FolderItem ElementID="P2P.OMSAdministration.RuleTemplates.WindowsEventCollection" ID="P2P.OMSAdministration.RuleTemplates.WindowsEventCollection" Folder="P2P.OMSAdministration.RuleTemplates.Folder.Collection.Event" />
      <FolderItem ElementID="P2P.OMSAdministration.RuleTemplates.WindowsPerformanceCollection" ID="P2P.OMSAdministration.RuleTemplates.WindowsPerformanceCollection" Folder="P2P.OMSAdministration.RuleTemplates.Folder.Collection.Performance" />
      <FolderItem ElementID="P2P.OMSAdministration.RuleTemplates.WMIEventCollection" ID="P2P.OMSAdministration.RuleTemplates.WMIEventCollection" Folder="P2P.OMSAdministration.RuleTemplates.Folder.Collection.Event" />
      <FolderItem ElementID="P2P.OMSAdministration.RuleTemplates.WMIPerfCollection" ID="P2P.OMSAdministration.RuleTemplates.WMIPerfCollection" Folder="P2P.OMSAdministration.RuleTemplates.Folder.Collection.Performance" />
    </FolderItems>
  </Presentation>
  <LanguagePacks>
    <LanguagePack ID="ENU" IsDefault="true">
      <DisplayStrings>
        <DisplayString ElementID="P2P.OMSAdministration.RuleTemplates">
          <Name>CHRW Custom OMS Administration Rule Templates</Name>
        </DisplayString>
        <DisplayString ElementID="P2P.OMSAdministration.RuleTemplates.Folder.Collection">
          <Name>OMS Collection Rules - Direct to Cloud!</Name>
          <Description>This folder contains rule types that collect event and performance data from various data providers</Description>
        </DisplayString>
        <DisplayString ElementID="P2P.OMSAdministration.RuleTemplates.Folder.Collection.Event">
          <Name>Event Based to OMS Event Type</Name>
          <Description>This folder contains rule types that collect event data from various data providers</Description>
        </DisplayString>
        <DisplayString ElementID="P2P.OMSAdministration.RuleTemplates.Folder.Collection.Performance">
          <Name>Performance Based to OMS Performance</Name>
          <Description>This folder contains rule types that collect performance data from various data providers</Description>
        </DisplayString>
        <DisplayString ElementID="P2P.OMSAdministration.RuleTemplates.Folder.Collection.Probe">
          <Name>Probe Based OMS Collection Rules</Name>
          <Description>This folder contains rule types that collect data from various data sources based on a probe</Description>
        </DisplayString>
        <DisplayString ElementID="P2P.OMSAdministration.RuleTemplates.GenericCSVLogCollection">
          <Name>Generic CSV Text Log to OMS Events</Name>
          <Description>Collect log file entries from a generic text log file that uses a delimiter character to separate different fields.  After collection this will then send this DIRECTLY to OMS in the Cloud.  This data DOES NOT get stored in the Operation or Data Warehouse in MSSQL, go WILD!</Description>
        </DisplayString>
        <DisplayString ElementID="P2P.OMSAdministration.RuleTemplates.GenericLogCollection">
          <Name>Generic Text Log to OMS Events</Name>
          <Description>Collect log file entries that match a specificed expression from a generic text log file.  You should use this rule type when log file entries have no delimiter to separate different fields.  Once collected this data will then send this DIRECTLY to OMS in the Cloud.  This data DOES NOT get stored in the Operation or Data Warehouse in MSSQL, go WILD!</Description>
        </DisplayString>
        <DisplayString ElementID="P2P.OMSAdministration.RuleTemplates.ScriptEventCollection">
          <Name>Script (Event Generating) to OMS Events</Name>
          <Description>Collect script data as events then send this DIRECTLY to OMS in the Cloud.  This data DOES NOT get stored in the Operation or Data Warehouse in MSSQL, go WILD!</Description>
        </DisplayString>
        <DisplayString ElementID="P2P.OMSAdministration.RuleTemplates.ScriptEventCollection.PageSet.PageReference4" SubElementID="P2P.OMSAdministration.RuleTemplates.ScriptEventCollection.PageSet.PageReference4.TabName">
          <Name>Event Mapper</Name>
        </DisplayString>
        <DisplayString ElementID="P2P.OMSAdministration.RuleTemplates.ScriptEventCollection.PageSet.PageReference4" SubElementID="P2P.OMSAdministration.RuleTemplates.ScriptEventCollection.PageSet.PageReference4.Title">
          <Name>Event Mapper</Name>
        </DisplayString>
        <DisplayString ElementID="P2P.OMSAdministration.RuleTemplates.ScriptPerfCollection">
          <Name>Script (Performance Generating) to OMS Perf</Name>
          <Description>Collect script data as performance data then send this DIRECTLY to OMS in the Cloud.  This data DOES NOT get stored in the Operation or Data Warehouse in MSSQL, go WILD!</Description>
        </DisplayString>
        <DisplayString ElementID="P2P.OMSAdministration.RuleTemplates.SyslogCollection">
          <Name>Syslog Events to OMS Events</Name>
          <Description>Collect syslog entries forwarded to the Windows computer that match a specified expression, send this DIRECTLY to OMS in the Cloud.  This data DOES NOT get stored in the Operation or Data Warehouse in MSSQL, go WILD!</Description>
        </DisplayString>
        <DisplayString ElementID="P2P.OMSAdministration.RuleTemplates.WindowsEventCollection">
          <Name>NT Event Log Direct to OMS</Name>
          <Description>Collect Windows events and these send this DIRECTLY to OMS in the Cloud.  This data DOES NOT get stored in the Operation or Data Warehouse in MSSQL, go WILD!</Description>
        </DisplayString>
        <DisplayString ElementID="P2P.OMSAdministration.RuleTemplates.WindowsPerformanceCollection">
          <Name>Windows Performance Direct to OMS</Name>
          <Description>Collect Windows performance data then send this DIRECTLY to OMS in the Cloud.  This data DOES NOT get stored in the Operation or Data Warehouse in MSSQL, go WILD!</Description>
        </DisplayString>
        <DisplayString ElementID="P2P.OMSAdministration.RuleTemplates.WMIEventCollection">
          <Name>WMI Event to OMS Events</Name>
          <Description>Collect WMI events that match a a WQL query then send this DIRECTLY to OMS in the Cloud.  This data DOES NOT get stored in the Operation or Data Warehouse in MSSQL, go WILD!</Description>
        </DisplayString>
        <DisplayString ElementID="P2P.OMSAdministration.RuleTemplates.WMIPerfCollection">
          <Name>WMI Performance Direct to OMS Performance</Name>
          <Description>Collect WMI Performance Data then send this DIRECTLY to OMS in the Cloud.  This data DOES NOT get stored in the Operation or Data Warehouse in MSSQL, go WILD!</Description>
        </DisplayString>
      </DisplayStrings>
      <KnowledgeArticles></KnowledgeArticles>
    </LanguagePack>
  </LanguagePacks>
</ManagementPack>