<?xml version="1.0" encoding="utf-8"?>
<ManagementPack SchemaVersion="2.0" ContentReadable="true" xmlns:xsd="http://www.w3.org/2001/XMLSchema">
  <Manifest>
    <Identity>
      <ID>P2P.OMS.Administration.Monitoring</ID>
      <Version>1.1.2.3</Version>
    </Identity>
    <Name>P2P.OMS.Administration.Monitoring</Name>
    <References>
      <Reference Alias="Windows">
        <ID>Microsoft.Windows.Library</ID>
        <Version>7.5.8501.0</Version>
        <PublicKeyToken>31bf3856ad364e35</PublicKeyToken>
      </Reference>
      <Reference Alias="Health">
        <ID>System.Health.Library</ID>
        <Version>7.0.8433.0</Version>
        <PublicKeyToken>31bf3856ad364e35</PublicKeyToken>
      </Reference>
      <Reference Alias="System">
        <ID>System.Library</ID>
        <Version>7.5.8501.0</Version>
        <PublicKeyToken>31bf3856ad364e35</PublicKeyToken>
      </Reference>
      <Reference Alias="P2PAdmin">
        <ID>P2P.OMSAdministration</ID>
        <Version>1.3.2.3</Version>
        <PublicKeyToken>4f5cc0b37933bfad</PublicKeyToken>
      </Reference>
    </References>
  </Manifest>
  <Monitoring>
    <Rules>
      <Rule ID="P2P.OMS.Administration.Monitoring.ScanOMSManagementPacks" Target="P2PAdmin!P2P.OMSAdministration.Classes.OMSInstallation" Enabled="true" ConfirmDelivery="false" Remotable="true" Priority="Normal" DiscardLevel="100">
        <Category>Operations</Category>
        <DataSources>
          <DataSource ID="Sched" TypeID="System!System.SimpleScheduler">
            <IntervalSeconds>300</IntervalSeconds>
            <SyncTime></SyncTime>
          </DataSource>
        </DataSources>
        <WriteActions>
          <WriteAction ID="WA" TypeID="Windows!Microsoft.Windows.PowerShellWriteAction">
            <ScriptName>ScanOMSPacks.PS1</ScriptName>
            <ScriptBody><![CDATA[Param([string]$certificateString,[string]$proxyUserName,[string]$proxyUserPassword,[string]$proxyUserDomain,$FilePaths)

function GetPathandLoadLibrary([String]$FilePaths,[String]$LibName)
    {
        Try
            {
                [String]$LibraryLocation
                $FilePathArray = $FilePaths.Split(",")
                $DllPath = $FilePathArray | ? {$_ -match $LibName}
                If ($DllPath.Length -lt 5) {Throw "Can't find the file path"}
                Else
                    {
                        $DLLBytes = [System.IO.File]::ReadAllBytes($DllPath)
                        [System.Reflection.Assembly]::Load($DLLBytes)
                    }
            }
        Catch
            {
                $api.LogScriptEvent("DiscoverOMSMPs.ps1",2000,1,"Failed to get Library $_")
            }
    }

function CheckMPVersionStatus([Microsoft.AttachedServices.WebService.ManagementPackInfo]$OMSPack)
    {
        $LocalPack = $null
		$LocalPack = Get-SCOMManagementPack -Name $OMSPack.Name
        If ($OMSPack.Version -eq $LocalPack.Version)
            {
                #We are on-par with OMS, thats Great
                ##Raise Version Property Bag Here
                #$api.LogScriptEvent('MP Version is Good', 3713, 0, $OMSPack.Name)
				$EVTMessage = 'Following MP Version is Good: {0}' -f $OMSPack.Name 
				Write-EventLog -LogName 'OMS Admin Extensions' -Source OMSAdminScript -EntryType Information -EventId 3713 -Message $EVTMessage
            }
        Else
            {
                IF ($LocalPack -ne $null)
					{
						##We Need to alert that versions don't match
						#$api.LogScriptEvent('MP Version is Bad', 3703, 0, $OMSPack.Name)						
						$EVTMessage = 'Following MP Version is BAD: {0}' -f $OMSPack.Name 
						Write-EventLog -LogName 'OMS Admin Extensions' -Source OMSAdminScript -EntryType Warning -EventId 3703 -Message $EVTMessage
					}
				Else
					{
						##We don't have this pack, so version mismatch isn't an issue
						#$api.LogScriptEvent('MP not installed', 3713, 0, $OMSPack.Name)
					}
				
            }
    }

function CheckMPInstallStatus([Microsoft.AttachedServices.WebService.ManagementPackInfo]$OMSPack)
    {
        $LocalPack = Get-SCOMManagementPack -Name $OMSPack.Name
        If ($LocalPack)
            {
                Return $true
            }
        Else
            {
                Return $false
            }
    }

function NoOtherReqs([Microsoft.AttachedServices.WebService.ManagementPackInfo]$OMSPack)
    {
		#If we are going to delete a pack we need to make sure no one else needs it
        $OtherPackInst = $RequiredPacks | ? {$_.Name -eq $OMSPack.Name}
        If ($OtherPackInst)
            {
                Return $false
            }
        Else
            {
                Return $true
            }
    }

function CheckPacksToInstall([Microsoft.AttachedServices.WebService.ManagementPackBundleInfo]$MPBundle)
    {
        If ($MPBundle.IsDisabled -eq $false)
            {
                #This Should be Installed
                ForEach($OMSMP in $MPBundle.ManagementPacks)
                    {
                        If (CheckMPInstallStatus $OMSMP)
                            {
                                #Things Look Good Here
								#$api.LogScriptEvent('MP Already Installed', 3712, 0, ($OMSMP.Name))								
								$EVTMessage = 'Following MP Is Installed: {0}' -f $OMSMP.Name 
								Write-EventLog -LogName 'OMS Admin Extensions' -Source OMSAdminScript -EntryType Information -EventId 3712 -Message $EVTMessage
                            }
                        Else
                            {
                                #We Are missing this pack and should have it!
                                #$api.LogScriptEvent('Need to Add MP', 3702, 0, ($OMSMP.Name))
								$EVTMessage = 'Following MP Needs Installation: {0}' -f $OMSMP.Name 
								Write-EventLog -LogName 'OMS Admin Extensions' -Source OMSAdminScript -EntryType Warning -EventId 3702 -Message $EVTMessage
                            }
                    }
            }
        Else
            {
                #This Should be Removed
                ForEach($OMSMP in $MPBundle.ManagementPacks)
                    {
                        If ((CheckMPInstallStatus $OMSMP) -and (NoOtherReqs $OMSMP) )
                            {
                                #We have an Extra MP!
                                #$api.LogScriptEvent('May Need to Delete MP', 3701, 0, ($OMSMP.Name))
								$EVTMessage = 'Following MP May Need Deletion: {0}' -f $OMSMP.Name 
								Write-EventLog -LogName 'OMS Admin Extensions' -Source OMSAdminScript -EntryType Warning -EventId 3701 -Message $EVTMessage

                            }
                        Else
                            {
                                #Things Look Good Here
								#$api.LogScriptEvent('MP Does Not Need Deletion', 3711, 0, ($OMSMP.Name))
								$EVTMessage = 'Following MP DOES NOT Need Deletion: {0}' -f $OMSMP.Name 
								Write-EventLog -LogName 'OMS Admin Extensions' -Source OMSAdminScript -EntryType Information -EventId 3711 -Message $EVTMessage
                            }
                    }
            }
    }
    


$api = New-Object -comObject 'MOM.ScriptAPI'
Write-EventLog -LogName 'OMS Admin Extensions' -Source OMSAdminScript -EntryType Error -EventId 3780 -Message "Checking MP Version and Status"
$Error.Clear()

GetPathandLoadLibrary -FilePaths $FilePaths -LibName 'Microsoft.SystemCenter.Advisor.Common.dll'
GetPathandLoadLibrary -FilePaths $FilePaths -LibName 'Microsoft.SystemCenter.Advisor.Core.Module.dll'

Import-Module OperationsManager -ErrorAction SilentlyContinue
$setupKey = Get-Item -Path "HKLM:\Software\Microsoft\Microsoft Operations Manager\3.0\Setup"
$installDirectory = $setupKey.GetValue("InstallDirectory") | Split-Path
$psmPath = $installdirectory + ‘\Powershell\OperationsManager\OperationsManager.psm1’
Import-Module $psmPath -ErrorAction SilentlyContinue

New-SCOMManagementGroupConnection 'localhost' -ErrorAction Stop

[Microsoft.EnterpriseManagement.ManagementGroup] $managementGroup = Get-SCOMManagementGroup;
[Microsoft.SystemCenter.Advisor.Core.WebService.IntelligenceServiceSettings]$Settings = New-Object Microsoft.SystemCenter.Advisor.Core.WebService.IntelligenceServiceSettings($ManagementGroup, $certificateString, $proxyUserDomain, $proxyUserName, $proxyUserPassword)
$Client = New-Object -TypeName Microsoft.SystemCenter.Advisor.Core.WebService.IntelligenceServiceClient($Settings);
$ClientProperties = New-Object Microsoft.AttachedServices.WebService.ClientProperties
$ClientProperties.version = 1
$IntelPacksInfo = $Client.GetIntelligencePacksInfo($ClientProperties)
$RequiredPacks = $IntelPacksInfo | ? {$_.isDisabled -eq $false} | % {$_.managementpacks} | Select Name

ForEach ($MPBundle in $IntelPacksInfo)
    {
		$EvtMsgString = 'Processing MPB Bundle ' + $MPBundle.Name
		#$api.LogScriptEvent('CheckOMSMPState', 3750, 0, ($EvtMsgString))
		Write-EventLog -LogName 'OMS Admin Extensions' -Source OMSAdminScript -EntryType Information -EventId 3750 -Message $EvtMsgString
		CheckPacksToInstall -MPBundle $MPBundle

        ForEach ($MP in $MPBundle.ManagementPacks)
            {
				$EvtMsgString = 'Processing MP Bundle ' + $MP.Name
				#$api.LogScriptEvent('CheckOMSMPState', 3751, 0, ($EvtMsgString))
				Write-EventLog -LogName 'OMS Admin Extensions' -Source OMSAdminScript -EntryType Information -EventId 3751 -Message $EvtMsgString
                CheckMPVersionStatus -OMSPack $MP
            }
    }

[string]$ErrorCount = $Error.Count
$EvtMessage = "Completed MP Checking; The error count was $ErrorCount;"
Write-EventLog -LogName 'OMS Admin Extensions' -Source OMSAdminScript -EntryType Information -EventId 3781 -Message $EvtMessage
If ($Error -ne'0')
	{
		ForEach ($ER in $Error)
			{
				$ERString = $ER.tostring()				
				$EVTMessage = "MP Checking Error $ERString;" 
				Write-EventLog -LogName 'OMS Admin Extensions' -Source OMSAdminScript -EntryType Error -EventId 3790 -Message $EVTMessage
			}
	}]]></ScriptBody>
            <Parameters>
              <Parameter>
                <Name>certificateString</Name>
                <Value>$RunAs[Name="P2PAdmin!P2P.OMSAdministration.CertificateRunAs"]/Data$</Value>
              </Parameter>
              <Parameter>
                <Name>proxyUserName</Name>
                <Value>$RunAs[Name="P2PAdmin!P2P.OMSAdministration.ProxyAcctRunAs"]/UserName$</Value>
              </Parameter>
              <Parameter>
                <Name>ProxyUserPassword</Name>
                <Value>$RunAs[Name="P2PAdmin!P2P.OMSAdministration.ProxyAcctRunAs"]/Password$</Value>
              </Parameter>
              <Parameter>
                <Name>ProxyUserDomain</Name>
                <Value>$RunAs[Name="P2PAdmin!P2P.OMSAdministration.ProxyAcctRunAs"]/Domain$</Value>
              </Parameter>
              <Parameter>
                <Name>FilePaths</Name>
                <Value>$FileResource[Name="P2PAdmin!P2P.OMSAdministration.AdvisorCommon"]/Path$,$FileResource[Name="P2PAdmin!P2P.OMSAdministration.AdvisorCore"]/Path$</Value>
              </Parameter>
            </Parameters>
            <TimeoutSeconds>300</TimeoutSeconds>
          </WriteAction>
        </WriteActions>
      </Rule>
      <Rule ID="P2P.OMS.Administration.Monitoring.Rules.AlertOnMeChanging" Target="P2PAdmin!P2P.OMSAdministration.Classes.OMSManagementPack" Enabled="false" ConfirmDelivery="false" Remotable="true" Priority="Normal" DiscardLevel="100">
        <Category>Alert</Category>
        <DataSources>
          <DataSource ID="DS" TypeID="Windows!Microsoft.Windows.EventProvider">
            <LogName>Operations Manager</LogName>
            <AllowProxying>true</AllowProxying>
            <Expression>
              <And>
                <Expression>
                  <SimpleExpression>
                    <ValueExpression>
                      <XPathQuery Type="UnsignedInteger">EventDisplayNumber</XPathQuery>
                    </ValueExpression>
                    <Operator>Equal</Operator>
                    <ValueExpression>
                      <Value Type="UnsignedInteger">1201</Value>
                    </ValueExpression>
                  </SimpleExpression>
                </Expression>
                <Expression>
                  <SimpleExpression>
                    <ValueExpression>
                      <XPathQuery Type="String">PublisherName</XPathQuery>
                    </ValueExpression>
                    <Operator>Equal</Operator>
                    <ValueExpression>
                      <Value Type="String">HealthService</Value>
                    </ValueExpression>
                  </SimpleExpression>
                </Expression>
                <Expression>
                  <SimpleExpression>
                    <ValueExpression>
                      <XPathQuery>Params/Param[1]</XPathQuery>
                    </ValueExpression>
                    <Operator>Equal</Operator>
                    <ValueExpression>
                      <Value>$Target/Property[Type="P2PAdmin!P2P.OMSAdministration.Classes.OMSManagementPack"]/MPName$</Value>
                    </ValueExpression>
                  </SimpleExpression>
                </Expression>
              </And>
            </Expression>
          </DataSource>
        </DataSources>
        <WriteActions>
          <WriteAction ID="Alert" TypeID="Health!System.Health.GenerateAlert">
            <Priority>1</Priority>
            <Severity>1</Severity>
            <AlertMessageId>$MPElement[Name="P2P.OMS.Administration.Monitoring.Rules.AlertOnMeChanging.AlertMessage"]$</AlertMessageId>
            <AlertParameters>
              <AlertParameter1>$Data/EventDescription$</AlertParameter1>
            </AlertParameters>
          </WriteAction>
        </WriteActions>
      </Rule>
    </Rules>
    <Monitors>
      <AggregateMonitor ID="P2P.OMS.Administration.Monitoring.SolutionsHealthyRollUp" Accessibility="Internal" Enabled="true" Target="P2PAdmin!P2P.OMSAdministration.Classes.OMSInstallation" ParentMonitorID="Health!System.Health.ConfigurationState" Remotable="true" Priority="Normal">
        <Category>AvailabilityHealth</Category>
        <Algorithm>WorstOf</Algorithm>
      </AggregateMonitor>
      <UnitMonitor ID="P2P.OMS.Administration.Monitoring.ManagementPackNotFound" Accessibility="Public" Enabled="true" Target="P2PAdmin!P2P.OMSAdministration.Classes.OMSManagementPack" ParentMonitorID="Health!System.Health.ConfigurationState" Remotable="true" Priority="Normal" TypeID="Windows!Microsoft.Windows.2SingleEventLog2StateMonitorType" ConfirmDelivery="false">
        <Category>ConfigurationHealth</Category>
        <AlertSettings AlertMessage="P2P.OMS.Administration.Monitoring.ManagementPackNotFound.AlertMessage">
          <AlertOnState>Error</AlertOnState>
          <AutoResolve>true</AutoResolve>
          <AlertPriority>Normal</AlertPriority>
          <AlertSeverity>MatchMonitorHealth</AlertSeverity>
          <AlertParameters>
            <AlertParameter1>$Target/Property[Type="P2PAdmin!P2P.OMSAdministration.Classes.OMSManagementPack"]/MPName$</AlertParameter1>
          </AlertParameters>
        </AlertSettings>
        <OperationalStates>
          <OperationalState ID="FirstEventRaised" MonitorTypeStateID="FirstEventRaised" HealthState="Success" />
          <OperationalState ID="SecondEventRaised" MonitorTypeStateID="SecondEventRaised" HealthState="Error" />
        </OperationalStates>
        <Configuration>
          <FirstComputerName>.</FirstComputerName>
          <FirstLogName>OMS Admin Extensions</FirstLogName>
          <FirstExpression>
            <And>
              <Expression>
                <SimpleExpression>
                  <ValueExpression>
                    <XPathQuery Type="UnsignedInteger">EventDisplayNumber</XPathQuery>
                  </ValueExpression>
                  <Operator>Equal</Operator>
                  <ValueExpression>
                    <Value Type="UnsignedInteger">3712</Value>
                  </ValueExpression>
                </SimpleExpression>
              </Expression>
              <Expression>
                <SimpleExpression>
                  <ValueExpression>
                    <XPathQuery Type="String">PublisherName</XPathQuery>
                  </ValueExpression>
                  <Operator>Equal</Operator>
                  <ValueExpression>
                    <Value Type="String">OMSAdminScript</Value>
                  </ValueExpression>
                </SimpleExpression>
              </Expression>
              <Expression>
                <SimpleExpression>
                  <ValueExpression>
                    <XPathQuery>Params/Param[1]</XPathQuery>
                  </ValueExpression>
                  <Operator>Equal</Operator>
                  <ValueExpression>
                    <Value>Following MP Is Installed: $Target/Property[Type="P2PAdmin!P2P.OMSAdministration.Classes.OMSManagementPack"]/MPName$</Value>
                  </ValueExpression>
                </SimpleExpression>
              </Expression>
            </And>
          </FirstExpression>
          <SecondComputerName>.</SecondComputerName>
          <SecondLogName>OMS Admin Extensions</SecondLogName>
          <SecondExpression>
            <And>
              <Expression>
                <SimpleExpression>
                  <ValueExpression>
                    <XPathQuery Type="UnsignedInteger">EventDisplayNumber</XPathQuery>
                  </ValueExpression>
                  <Operator>Equal</Operator>
                  <ValueExpression>
                    <Value Type="UnsignedInteger">3702</Value>
                  </ValueExpression>
                </SimpleExpression>
              </Expression>
              <Expression>
                <SimpleExpression>
                  <ValueExpression>
                    <XPathQuery Type="String">PublisherName</XPathQuery>
                  </ValueExpression>
                  <Operator>Equal</Operator>
                  <ValueExpression>
                    <Value Type="String">OMSAdminScript</Value>
                  </ValueExpression>
                </SimpleExpression>
              </Expression>
              <Expression>
                <SimpleExpression>
                  <ValueExpression>
                    <XPathQuery>Params/Param[1]</XPathQuery>
                  </ValueExpression>
                  <Operator>Equal</Operator>
                  <ValueExpression>
                    <Value>Following MP Needs Installation: $Target/Property[Type="P2PAdmin!P2P.OMSAdministration.Classes.OMSManagementPack"]/MPName$</Value>
                  </ValueExpression>
                </SimpleExpression>
              </Expression>
            </And>
          </SecondExpression>
        </Configuration>
      </UnitMonitor>
      <UnitMonitor ID="P2P.OMS.Administration.Monitoring.ManagementPackNeedsDeleted" Accessibility="Public" Enabled="true" Target="P2PAdmin!P2P.OMSAdministration.Classes.OMSManagementPack" ParentMonitorID="Health!System.Health.ConfigurationState" Remotable="true" Priority="Normal" TypeID="Windows!Microsoft.Windows.2SingleEventLog2StateMonitorType" ConfirmDelivery="false">
        <Category>ConfigurationHealth</Category>
        <AlertSettings AlertMessage="P2P.OMS.Administration.Monitoring.ManagementPackNeedsDeleted.AlertMessage">
          <AlertOnState>Error</AlertOnState>
          <AutoResolve>true</AutoResolve>
          <AlertPriority>Normal</AlertPriority>
          <AlertSeverity>MatchMonitorHealth</AlertSeverity>
          <AlertParameters>
            <AlertParameter1>$Target/Property[Type="P2PAdmin!P2P.OMSAdministration.Classes.OMSManagementPack"]/MPName$</AlertParameter1>
          </AlertParameters>
        </AlertSettings>
        <OperationalStates>
          <OperationalState ID="FirstEventRaised" MonitorTypeStateID="FirstEventRaised" HealthState="Success" />
          <OperationalState ID="SecondEventRaised" MonitorTypeStateID="SecondEventRaised" HealthState="Error" />
        </OperationalStates>
        <Configuration>
          <FirstComputerName>.</FirstComputerName>
          <FirstLogName>OMS Admin Extensions</FirstLogName>
          <FirstExpression>
            <And>
              <Expression>
                <SimpleExpression>
                  <ValueExpression>
                    <XPathQuery Type="UnsignedInteger">EventDisplayNumber</XPathQuery>
                  </ValueExpression>
                  <Operator>Equal</Operator>
                  <ValueExpression>
                    <Value Type="UnsignedInteger">3711</Value>
                  </ValueExpression>
                </SimpleExpression>
              </Expression>
              <Expression>
                <SimpleExpression>
                  <ValueExpression>
                    <XPathQuery Type="String">PublisherName</XPathQuery>
                  </ValueExpression>
                  <Operator>Equal</Operator>
                  <ValueExpression>
                    <Value Type="String">OMSAdminScript</Value>
                  </ValueExpression>
                </SimpleExpression>
              </Expression>
              <Expression>
                <SimpleExpression>
                  <ValueExpression>
                    <XPathQuery>Params/Param[1]</XPathQuery>
                  </ValueExpression>
                  <Operator>Equal</Operator>
                  <ValueExpression>
                    <Value>Following MP DOES NOT Need Deletion: $Target/Property[Type="P2PAdmin!P2P.OMSAdministration.Classes.OMSManagementPack"]/MPName$</Value>
                  </ValueExpression>
                </SimpleExpression>
              </Expression>
            </And>
          </FirstExpression>
          <SecondComputerName>.</SecondComputerName>
          <SecondLogName>OMS Admin Extensions</SecondLogName>
          <SecondExpression>
            <And>
              <Expression>
                <SimpleExpression>
                  <ValueExpression>
                    <XPathQuery Type="UnsignedInteger">EventDisplayNumber</XPathQuery>
                  </ValueExpression>
                  <Operator>Equal</Operator>
                  <ValueExpression>
                    <Value Type="UnsignedInteger">3701</Value>
                  </ValueExpression>
                </SimpleExpression>
              </Expression>
              <Expression>
                <SimpleExpression>
                  <ValueExpression>
                    <XPathQuery Type="String">PublisherName</XPathQuery>
                  </ValueExpression>
                  <Operator>Equal</Operator>
                  <ValueExpression>
                    <Value Type="String">OMSAdminScript</Value>
                  </ValueExpression>
                </SimpleExpression>
              </Expression>
              <Expression>
                <SimpleExpression>
                  <ValueExpression>
                    <XPathQuery>Params/Param[1]</XPathQuery>
                  </ValueExpression>
                  <Operator>Equal</Operator>
                  <ValueExpression>
                    <Value>Following MP May Need Deletion: $Target/Property[Type="P2PAdmin!P2P.OMSAdministration.Classes.OMSManagementPack"]/MPName$</Value>
                  </ValueExpression>
                </SimpleExpression>
              </Expression>
            </And>
          </SecondExpression>
        </Configuration>
      </UnitMonitor>
      <UnitMonitor ID="P2P.OMS.Administration.Monitoring.ManagementPackVersionCheck" Accessibility="Public" Enabled="true" Target="P2PAdmin!P2P.OMSAdministration.Classes.OMSManagementPack" ParentMonitorID="Health!System.Health.ConfigurationState" Remotable="true" Priority="Normal" TypeID="Windows!Microsoft.Windows.2SingleEventLog2StateMonitorType" ConfirmDelivery="false">
        <Category>ConfigurationHealth</Category>
        <AlertSettings AlertMessage="P2P.OMS.Administration.Monitoring.ManagementPackVersionCheck.AlertMessage">
          <AlertOnState>Warning</AlertOnState>
          <AutoResolve>true</AutoResolve>
          <AlertPriority>Normal</AlertPriority>
          <AlertSeverity>MatchMonitorHealth</AlertSeverity>
          <AlertParameters>
            <AlertParameter1>$Target/Property[Type="P2PAdmin!P2P.OMSAdministration.Classes.OMSManagementPack"]/MPName$</AlertParameter1>
          </AlertParameters>
        </AlertSettings>
        <OperationalStates>
          <OperationalState ID="FirstEventRaised" MonitorTypeStateID="FirstEventRaised" HealthState="Success" />
          <OperationalState ID="SecondEventRaised" MonitorTypeStateID="SecondEventRaised" HealthState="Warning" />
        </OperationalStates>
        <Configuration>
          <FirstComputerName>.</FirstComputerName>
          <FirstLogName>OMS Admin Extensions</FirstLogName>
          <FirstExpression>
            <And>
              <Expression>
                <SimpleExpression>
                  <ValueExpression>
                    <XPathQuery Type="UnsignedInteger">EventDisplayNumber</XPathQuery>
                  </ValueExpression>
                  <Operator>Equal</Operator>
                  <ValueExpression>
                    <Value Type="UnsignedInteger">3713</Value>
                  </ValueExpression>
                </SimpleExpression>
              </Expression>
              <Expression>
                <SimpleExpression>
                  <ValueExpression>
                    <XPathQuery Type="String">PublisherName</XPathQuery>
                  </ValueExpression>
                  <Operator>Equal</Operator>
                  <ValueExpression>
                    <Value Type="String">OMSAdminScript</Value>
                  </ValueExpression>
                </SimpleExpression>
              </Expression>
              <Expression>
                <SimpleExpression>
                  <ValueExpression>
                    <XPathQuery>Params/Param[1]</XPathQuery>
                  </ValueExpression>
                  <Operator>Equal</Operator>
                  <ValueExpression>
                    <Value>Following MP Version is Good: $Target/Property[Type="P2PAdmin!P2P.OMSAdministration.Classes.OMSManagementPack"]/MPName$</Value>
                  </ValueExpression>
                </SimpleExpression>
              </Expression>
            </And>
          </FirstExpression>
          <SecondComputerName>.</SecondComputerName>
          <SecondLogName>OMS Admin Extensions</SecondLogName>
          <SecondExpression>
            <And>
              <Expression>
                <SimpleExpression>
                  <ValueExpression>
                    <XPathQuery Type="UnsignedInteger">EventDisplayNumber</XPathQuery>
                  </ValueExpression>
                  <Operator>Equal</Operator>
                  <ValueExpression>
                    <Value Type="UnsignedInteger">3703</Value>
                  </ValueExpression>
                </SimpleExpression>
              </Expression>
              <Expression>
                <SimpleExpression>
                  <ValueExpression>
                    <XPathQuery Type="String">PublisherName</XPathQuery>
                  </ValueExpression>
                  <Operator>Equal</Operator>
                  <ValueExpression>
                    <Value Type="String">OMSAdminScript</Value>
                  </ValueExpression>
                </SimpleExpression>
              </Expression>
              <Expression>
                <SimpleExpression>
                  <ValueExpression>
                    <XPathQuery>Params/Param[1]</XPathQuery>
                  </ValueExpression>
                  <Operator>Equal</Operator>
                  <ValueExpression>
                    <Value>Following MP Version is BAD: $Target/Property[Type="P2PAdmin!P2P.OMSAdministration.Classes.OMSManagementPack"]/MPName$</Value>
                  </ValueExpression>
                </SimpleExpression>
              </Expression>
            </And>
          </SecondExpression>
        </Configuration>
      </UnitMonitor>
      <DependencyMonitor ID="P2P.OMS.Administration.Monitoring.MPHealth" Accessibility="Internal" Enabled="true" Target="P2PAdmin!P2P.OMSAdministration.Classes.OMSManagementPackBundle" ParentMonitorID="Health!System.Health.ConfigurationState" Remotable="true" Priority="Normal" RelationshipType="P2PAdmin!P2P.OMSAdministration.Relationships.BundleHostsManagementPacks" MemberMonitor="Health!System.Health.ConfigurationState">
        <Category>ConfigurationHealth</Category>
        <Algorithm>WorstOf</Algorithm>
      </DependencyMonitor>
      <DependencyMonitor ID="P2P.OMS.Administration.Monitoring.InstallSolutionHealth" Accessibility="Internal" Enabled="true" Target="P2PAdmin!P2P.OMSAdministration.Classes.OMSInstallation" ParentMonitorID="Health!System.Health.AvailabilityState" Remotable="true" Priority="Normal" RelationshipType="P2PAdmin!P2P.OMSAdministration.Relationships.OMSInstallationHostsSolution" MemberMonitor="Health!System.Health.ConfigurationState">
        <Category>ConfigurationHealth</Category>
        <Algorithm>WorstOf</Algorithm>
      </DependencyMonitor>
      <DependencyMonitor ID="P2P.OMS.Administration.Monitoring.MPBundleHealth" Accessibility="Internal" Enabled="true" Target="P2PAdmin!P2P.OMSAdministration.Classes.OMSSolution" ParentMonitorID="Health!System.Health.ConfigurationState" Remotable="true" Priority="Normal" RelationshipType="P2PAdmin!P2P.OMSAdministration.Relationships.SolutionHostsManagementPackBundle" MemberMonitor="Health!System.Health.ConfigurationState">
        <Category>ConfigurationHealth</Category>
        <Algorithm>WorstOf</Algorithm>
      </DependencyMonitor>
    </Monitors>
  </Monitoring>
  <Presentation>
    <StringResources>
      <StringResource ID="P2P.OMS.Administration.Monitoring.ManagementPackNotFound.AlertMessage" />
      <StringResource ID="P2P.OMS.Administration.Monitoring.ManagementPackNeedsDeleted.AlertMessage" />
      <StringResource ID="P2P.OMS.Administration.Monitoring.ManagementPackVersionCheck.AlertMessage" />
      <StringResource ID="P2P.OMS.Administration.Monitoring.Rules.AlertOnMeChanging.AlertMessage" />
    </StringResources>
  </Presentation>
  <LanguagePacks>
    <LanguagePack ID="ENU" IsDefault="true">
      <DisplayStrings>
        <DisplayString ElementID="P2P.OMS.Administration.Monitoring">
          <Name>P2P OMS Administartion Monitoring</Name>
          <Description>P2P OMS Administartion Monitoring</Description>
        </DisplayString>
        <DisplayString ElementID="P2P.OMS.Administration.Monitoring.ManagementPackNotFound">
          <Name>Not Found</Name>
          <Description>Checks to see if we have all of the management packs OMS says we should</Description>
        </DisplayString>
        <DisplayString ElementID="P2P.OMS.Administration.Monitoring.ManagementPackNotFound.AlertMessage">
          <Name>Missing Management Pack</Name>
          <Description>OMS Has Requested {0} be Installed.</Description>
        </DisplayString>
        <DisplayString ElementID="P2P.OMS.Administration.Monitoring.ManagementPackNotFound" SubElementID="FirstEventRaised">
          <Name>MP Found</Name>
          <Description>MP Found</Description>
        </DisplayString>
        <DisplayString ElementID="P2P.OMS.Administration.Monitoring.ManagementPackNotFound" SubElementID="SecondEventRaised">
          <Name>MP Missing</Name>
          <Description>MP Missing</Description>
        </DisplayString>
        <DisplayString ElementID="P2P.OMS.Administration.Monitoring.ManagementPackNeedsDeleted">
          <Name>Needs Deletion</Name>
          <Description>Alerts when OMS indicates we should delete this management pack.</Description>
        </DisplayString>
        <DisplayString ElementID="P2P.OMS.Administration.Monitoring.ManagementPackNeedsDeleted.AlertMessage">
          <Name>OMS MP Needs Deletion</Name>
          <Description>OMS Has Requested {0} be deleted.</Description>
        </DisplayString>
        <DisplayString ElementID="P2P.OMS.Administration.Monitoring.ManagementPackNeedsDeleted" SubElementID="FirstEventRaised">
          <Name>MP OK</Name>
          <Description>MP OK</Description>
        </DisplayString>
        <DisplayString ElementID="P2P.OMS.Administration.Monitoring.ManagementPackNeedsDeleted" SubElementID="SecondEventRaised">
          <Name>MP Needs Deletion</Name>
          <Description>MP Needs Deletion</Description>
        </DisplayString>
        <DisplayString ElementID="P2P.OMS.Administration.Monitoring.ManagementPackVersionCheck">
          <Name>Up-To-Date</Name>
          <Description>Checks to see if the Version of the management pack deployed matches that of the one in OMS</Description>
        </DisplayString>
        <DisplayString ElementID="P2P.OMS.Administration.Monitoring.ManagementPackVersionCheck.AlertMessage">
          <Name>OM MP Version Mis-Match</Name>
          <Description>OMS Has a different version of {0}</Description>
        </DisplayString>
        <DisplayString ElementID="P2P.OMS.Administration.Monitoring.ManagementPackVersionCheck" SubElementID="FirstEventRaised">
          <Name>Version Match</Name>
          <Description>Version Match</Description>
        </DisplayString>
        <DisplayString ElementID="P2P.OMS.Administration.Monitoring.ManagementPackVersionCheck" SubElementID="SecondEventRaised">
          <Name>Version Mis-Match</Name>
          <Description>Version Mis-Match</Description>
        </DisplayString>
        <DisplayString ElementID="P2P.OMS.Administration.Monitoring.SolutionsHealthyRollUp">
          <Name>OMS Solution Health</Name>
          <Description>Represents the Health of All OMS Solutions</Description>
        </DisplayString>
        <DisplayString ElementID="P2P.OMS.Administration.Monitoring.MPHealth">
          <Name>MP Health</Name>
          <Description>Solutions Depend on Bundles</Description>
        </DisplayString>
        <DisplayString ElementID="P2P.OMS.Administration.Monitoring.InstallSolutionHealth">
          <Name>Solution Health</Name>
          <Description>OMS Depends on Each Individual Solution</Description>
        </DisplayString>
        <DisplayString ElementID="P2P.OMS.Administration.Monitoring.MPBundleHealth">
          <Name>MP Bundle Health</Name>
          <Description>Solutions Depend on Bundles</Description>
        </DisplayString>
        <DisplayString ElementID="P2P.OMS.Administration.Monitoring.ScanOMSManagementPacks">
          <Name>Scan OMS Management Packs</Name>
          <Description>Compares the On-Site environment to OMS and Logs findings into the OperationsManager Log</Description>
        </DisplayString>
        <DisplayString ElementID="P2P.OMS.Administration.Monitoring.Rules.AlertOnMeChanging">
          <Name>Alert on OMS MP Changes</Name>
          <Description>Raises an alert when an event come through matching this MP</Description>
        </DisplayString>
        <DisplayString ElementID="P2P.OMS.Administration.Monitoring.Rules.AlertOnMeChanging.AlertMessage">
          <Name>An Intelligence Pack has been added or updated.</Name>
          <Description>The following management pack was downloaded on the RMS Emulator:
{0}</Description>
        </DisplayString>
      </DisplayStrings>
      <KnowledgeArticles></KnowledgeArticles>
    </LanguagePack>
  </LanguagePacks>
</ManagementPack>