<?xml version="1.0" encoding="utf-8"?>
<ManagementPack SchemaVersion="2.0" ContentReadable="true" xmlns:xsd="http://www.w3.org/2001/XMLSchema">
  <Manifest>
    <Identity>
      <ID>P2P.OMSAdministration</ID>
      <Version>1.3.2.8</Version>
    </Identity>
    <Name>P2P.OMSAdministration</Name>
    <References>
      <Reference Alias="MSIL">
        <ID>Microsoft.SystemCenter.InstanceGroup.Library</ID>
        <Version>7.5.8501.0</Version>
        <PublicKeyToken>31bf3856ad364e35</PublicKeyToken>
      </Reference>
      <Reference Alias="SC">
        <ID>Microsoft.SystemCenter.Library</ID>
        <Version>7.0.8433.0</Version>
        <PublicKeyToken>31bf3856ad364e35</PublicKeyToken>
      </Reference>
      <Reference Alias="Windows">
        <ID>Microsoft.Windows.Library</ID>
        <Version>7.5.8501.0</Version>
        <PublicKeyToken>31bf3856ad364e35</PublicKeyToken>
      </Reference>
      <Reference Alias="System">
        <ID>System.Library</ID>
        <Version>7.5.8501.0</Version>
        <PublicKeyToken>31bf3856ad364e35</PublicKeyToken>
      </Reference>
    </References>
  </Manifest>
  <TypeDefinitions>
    <EntityTypes>
      <ClassTypes>
        <ClassType ID="P2P.OMSAdministration.Classes.OMSManagementPackBundle" Base="System!System.Entity" Accessibility="Public" Abstract="false" Hosted="true" Singleton="false">
          <Property ID="MPBName" Key="true" Type="string" />
          <Property ID="DownloadURL" Key="false" Type="string" />
          <Property ID="IsDynamic" Key="false" Type="bool" />
          <Property ID="IsDisabled" Key="false" Type="bool" />
        </ClassType>
        <ClassType ID="P2P.OMSAdministration.Classes.OMSInstallation" Accessibility="Public" Abstract="false" Base="System!System.Service" Hosted="true" Singleton="false" />
        <ClassType ID="P2P.OMSAdministration.Classes.OMSManagementPack" Base="System!System.Entity" Accessibility="Public" Abstract="false" Hosted="true" Singleton="false">
          <Property ID="MPName" Key="true" Type="string" />
          <Property ID="InstalledVersion" Key="false" Type="string" />
          <Property ID="ReleasedVersion" Key="false" Type="string" />
          <Property ID="PublicKeyToken" Key="false" Type="string" />
        </ClassType>
        <ClassType ID="P2P.OMSAdministration.Classes.OMSSolution" Base="System!System.Entity" Accessibility="Public" Abstract="false" Hosted="true" Singleton="false">
          <Property ID="URLPath" Key="true" Type="string" />
        </ClassType>
        <ClassType ID="P2P.OMSAdministration.DisabledMPBs.Group" Accessibility="Public" Abstract="false" Base="MSIL!Microsoft.SystemCenter.InstanceGroup" Hosted="false" Singleton="true" Extension="false" />
        <ClassType ID="P2P.OMSAdministration.DisabledMP.Group" Accessibility="Public" Abstract="false" Base="MSIL!Microsoft.SystemCenter.InstanceGroup" Hosted="false" Singleton="true" Extension="false" />
        <ClassType ID="P2P.OMSAdministration.EnabledMPBs.Group" Accessibility="Public" Abstract="false" Base="MSIL!Microsoft.SystemCenter.InstanceGroup" Hosted="false" Singleton="true" Extension="false" />
        <ClassType ID="P2P.OMSAdministration.EnabledMP.Group" Accessibility="Public" Abstract="false" Base="MSIL!Microsoft.SystemCenter.InstanceGroup" Hosted="false" Singleton="true" Extension="false" />
      </ClassTypes>
      <RelationshipTypes>
        <RelationshipType ID="P2P.OMSAdministration.Relationships.BundleHostsManagementPacks" Base="System!System.Hosting" Abstract="false" Accessibility="Public">
          <Source ID="Source" Type="P2P.OMSAdministration.Classes.OMSManagementPackBundle" />
          <Target ID="Target" Type="P2P.OMSAdministration.Classes.OMSManagementPack" />
        </RelationshipType>
        <RelationshipType ID="P2P.OMSAdministration.Relationships.OMSInstallationHostsSolution" Base="System!System.Hosting" Abstract="false" Accessibility="Public">
          <Source ID="Source" Type="P2P.OMSAdministration.Classes.OMSInstallation" />
          <Target ID="Target" Type="P2P.OMSAdministration.Classes.OMSSolution" />
        </RelationshipType>
        <RelationshipType ID="P2P.OMSAdministration.RMSHostsInstallation" Base="System!System.Hosting" Abstract="false" Accessibility="Public">
          <Source ID="Source" Type="Windows!Microsoft.Windows.Computer" />
          <Target ID="Target" Type="P2P.OMSAdministration.Classes.OMSInstallation" />
        </RelationshipType>
        <RelationshipType ID="P2P.OMSAdministration.Relationships.SolutionHostsManagementPackBundle" Base="System!System.Hosting" Abstract="false" Accessibility="Public">
          <Source ID="Source" Type="P2P.OMSAdministration.Classes.OMSSolution" />
          <Target ID="Target" Type="P2P.OMSAdministration.Classes.OMSManagementPackBundle" />
        </RelationshipType>
      </RelationshipTypes>
    </EntityTypes>
    <SecureReferences>
      <SecureReference ID="P2P.OMSAdministration.CertificateRunAs" Accessibility="Public" Context="System!System.Entity" />
      <SecureReference ID="P2P.OMSAdministration.ProxyAcctRunAs" Accessibility="Public" Context="System!System.Entity" />
      <SecureReference ID="P2P.OMSAdministration.SDKRunAs" Accessibility="Public" Context="System!System.Entity" />
    </SecureReferences>
  </TypeDefinitions>
  <Monitoring>
    <Discoveries>
      <Discovery ID="P2P.OMSAdministration.DisabledMPBs.Group.DiscoveryRule" Enabled="true" Target="P2P.OMSAdministration.DisabledMPBs.Group" ConfirmDelivery="false" Remotable="true" Priority="Normal">
        <Category>Discovery</Category>
        <DiscoveryTypes>
          <DiscoveryRelationship TypeID="MSIL!Microsoft.SystemCenter.InstanceGroupContainsEntities" />
        </DiscoveryTypes>
        <DataSource ID="GroupPopulationDataSource" TypeID="SC!Microsoft.SystemCenter.GroupPopulator">
          <RuleId>$MPElement$</RuleId>
          <GroupInstanceId>$MPElement[Name="P2P.OMSAdministration.DisabledMPBs.Group"]$</GroupInstanceId>
          <MembershipRules>
            <MembershipRule>
              <MonitoringClass>$MPElement[Name="P2P.OMSAdministration.Classes.OMSManagementPackBundle"]$</MonitoringClass>
              <RelationshipClass>$MPElement[Name="MSIL!Microsoft.SystemCenter.InstanceGroupContainsEntities"]$</RelationshipClass>
              <Expression>
                <SimpleExpression>
                  <ValueExpression>
                    <Property>$MPElement[Name="P2P.OMSAdministration.Classes.OMSManagementPackBundle"]/IsDisabled$</Property>
                  </ValueExpression>
                  <Operator>Equal</Operator>
                  <ValueExpression>
                    <Value>True</Value>
                  </ValueExpression>
                </SimpleExpression>
              </Expression>
            </MembershipRule>
          </MembershipRules>
        </DataSource>
      </Discovery>
      <Discovery ID="P2P.OMSAdministration.DisabledMP.Group.DiscoveryRule" Enabled="true" Target="P2P.OMSAdministration.DisabledMP.Group" ConfirmDelivery="false" Remotable="true" Priority="Normal">
        <Category>Discovery</Category>
        <DiscoveryTypes>
          <DiscoveryRelationship TypeID="MSIL!Microsoft.SystemCenter.InstanceGroupContainsEntities" />
        </DiscoveryTypes>
        <DataSource ID="GroupPopulationDataSource" TypeID="SC!Microsoft.SystemCenter.GroupPopulator">
          <RuleId>$MPElement$</RuleId>
          <GroupInstanceId>$MPElement[Name="P2P.OMSAdministration.DisabledMP.Group"]$</GroupInstanceId>
          <MembershipRules>
            <MembershipRule>
              <MonitoringClass>$MPElement[Name="P2P.OMSAdministration.Classes.OMSManagementPack"]$</MonitoringClass>
              <RelationshipClass>$MPElement[Name="MSIL!Microsoft.SystemCenter.InstanceGroupContainsEntities"]$</RelationshipClass>
              <Expression>
                <SimpleExpression>
                  <ValueExpression>
                    <HostProperty>
                      <MonitoringClass>$MPElement[Name="P2P.OMSAdministration.Classes.OMSManagementPackBundle"]$</MonitoringClass>
                      <Property>$MPElement[Name="P2P.OMSAdministration.Classes.OMSManagementPackBundle"]/IsDisabled$</Property>
                    </HostProperty>
                  </ValueExpression>
                  <Operator>Equal</Operator>
                  <ValueExpression>
                    <Value>true</Value>
                  </ValueExpression>
                </SimpleExpression>
              </Expression>
            </MembershipRule>
          </MembershipRules>
        </DataSource>
      </Discovery>
      <Discovery ID="P2P.OMSAdministration.EnabledMPBs.Group.DiscoveryRule" Enabled="true" Target="P2P.OMSAdministration.EnabledMPBs.Group" ConfirmDelivery="false" Remotable="true" Priority="Normal">
        <Category>Discovery</Category>
        <DiscoveryTypes>
          <DiscoveryRelationship TypeID="MSIL!Microsoft.SystemCenter.InstanceGroupContainsEntities" />
        </DiscoveryTypes>
        <DataSource ID="GroupPopulationDataSource" TypeID="SC!Microsoft.SystemCenter.GroupPopulator">
          <RuleId>$MPElement$</RuleId>
          <GroupInstanceId>$MPElement[Name="P2P.OMSAdministration.EnabledMPBs.Group"]$</GroupInstanceId>
          <MembershipRules>
            <MembershipRule>
              <MonitoringClass>$MPElement[Name="P2P.OMSAdministration.Classes.OMSManagementPackBundle"]$</MonitoringClass>
              <RelationshipClass>$MPElement[Name="MSIL!Microsoft.SystemCenter.InstanceGroupContainsEntities"]$</RelationshipClass>
              <Expression>
                <SimpleExpression>
                  <ValueExpression>
                    <Property>$MPElement[Name="P2P.OMSAdministration.Classes.OMSManagementPackBundle"]/IsDisabled$</Property>
                  </ValueExpression>
                  <Operator>Equal</Operator>
                  <ValueExpression>
                    <Value>False</Value>
                  </ValueExpression>
                </SimpleExpression>
              </Expression>
            </MembershipRule>
          </MembershipRules>
        </DataSource>
      </Discovery>
      <Discovery ID="P2P.OMSAdministration.EnabledMP.Group.DiscoveryRule" Enabled="true" Target="P2P.OMSAdministration.EnabledMP.Group" ConfirmDelivery="false" Remotable="true" Priority="Normal">
        <Category>Discovery</Category>
        <DiscoveryTypes>
          <DiscoveryRelationship TypeID="MSIL!Microsoft.SystemCenter.InstanceGroupContainsEntities" />
        </DiscoveryTypes>
        <DataSource ID="GroupPopulationDataSource" TypeID="SC!Microsoft.SystemCenter.GroupPopulator">
          <RuleId>$MPElement$</RuleId>
          <GroupInstanceId>$MPElement[Name="P2P.OMSAdministration.EnabledMP.Group"]$</GroupInstanceId>
          <MembershipRules>
            <MembershipRule>
              <MonitoringClass>$MPElement[Name="P2P.OMSAdministration.Classes.OMSManagementPack"]$</MonitoringClass>
              <RelationshipClass>$MPElement[Name="MSIL!Microsoft.SystemCenter.InstanceGroupContainsEntities"]$</RelationshipClass>
              <Expression>
                <SimpleExpression>
                  <ValueExpression>
                    <HostProperty>
                      <MonitoringClass>$MPElement[Name="P2P.OMSAdministration.Classes.OMSManagementPackBundle"]$</MonitoringClass>
                      <Property>$MPElement[Name="P2P.OMSAdministration.Classes.OMSManagementPackBundle"]/IsDisabled$</Property>
                    </HostProperty>
                  </ValueExpression>
                  <Operator>Equal</Operator>
                  <ValueExpression>
                    <Value>false</Value>
                  </ValueExpression>
                </SimpleExpression>
              </Expression>
            </MembershipRule>
          </MembershipRules>
        </DataSource>
      </Discovery>
    </Discoveries>
  </Monitoring>
  <LanguagePacks>
    <LanguagePack ID="ENU" IsDefault="true">
      <DisplayStrings>
        <DisplayString ElementID="P2P.OMSAdministration.Classes.OMSManagementPackBundle">
          <Name>OMS Management Pack Bundle</Name>
          <Description>Management Pack Bundle from the OMS Instance in Azure</Description>
        </DisplayString>
        <DisplayString ElementID="P2P.OMSAdministration.Classes.OMSManagementPackBundle" SubElementID="MPBName">
          <Name>MPB Package Name</Name>
        </DisplayString>
        <DisplayString ElementID="P2P.OMSAdministration.Classes.OMSManagementPackBundle" SubElementID="DownloadURL">
          <Name>MPB Download URL</Name>
        </DisplayString>
        <DisplayString ElementID="P2P.OMSAdministration.Classes.OMSManagementPackBundle" SubElementID="IsDynamic">
          <Name>Is Dynamic?</Name>
        </DisplayString>
        <DisplayString ElementID="P2P.OMSAdministration.Classes.OMSManagementPackBundle" SubElementID="IsDisabled">
          <Name>Is Disabled?</Name>
        </DisplayString>
        <DisplayString ElementID="P2P.OMSAdministration.Classes.OMSInstallation">
          <Name>Operations Management Suite Administratior</Name>
          <Description></Description>
        </DisplayString>
        <DisplayString ElementID="P2P.OMSAdministration.Classes.OMSManagementPack">
          <Name>OMS Management Pack</Name>
          <Description>Management Pack from the OMS Instance in Azure</Description>
        </DisplayString>
        <DisplayString ElementID="P2P.OMSAdministration.Classes.OMSManagementPack" SubElementID="InstalledVersion">
          <Name>Installed Version</Name>
        </DisplayString>
        <DisplayString ElementID="P2P.OMSAdministration.Classes.OMSManagementPack" SubElementID="MPName">
          <Name>Management Pack Name</Name>
        </DisplayString>
        <DisplayString ElementID="P2P.OMSAdministration.Classes.OMSManagementPack" SubElementID="ReleasedVersion">
          <Name>Released Version</Name>
        </DisplayString>
        <DisplayString ElementID="P2P.OMSAdministration.Classes.OMSManagementPack" SubElementID="PublicKeyToken">
          <Name>Public Key Token</Name>
        </DisplayString>
        <DisplayString ElementID="P2P.OMSAdministration.Classes.OMSSolution">
          <Name>OMS Solution</Name>
          <Description>Management Pack from the OMS Instance in Azure</Description>
        </DisplayString>
        <DisplayString ElementID="P2P.OMSAdministration.Classes.OMSSolution" SubElementID="URLPath">
          <Name>URL Path</Name>
        </DisplayString>
        <DisplayString ElementID="P2P.OMSAdministration.Relationships.BundleHostsManagementPacks">
          <Name>Bundle Hosts Management Packs Relationship</Name>
          <Description></Description>
        </DisplayString>
        <DisplayString ElementID="P2P.OMSAdministration.Relationships.OMSInstallationHostsSolution">
          <Name>OMS Installation Hosts Solution Relationship</Name>
          <Description></Description>
        </DisplayString>
        <DisplayString ElementID="P2P.OMSAdministration.RMSHostsInstallation">
          <Name>RMS Hosts OMS Installation Relationship</Name>
          <Description></Description>
        </DisplayString>
        <DisplayString ElementID="P2P.OMSAdministration.Relationships.SolutionHostsManagementPackBundle">
          <Name>Solution Hosts Management Pack Bundle Relationship</Name>
          <Description></Description>
        </DisplayString>
        <DisplayString ElementID="P2P.OMSAdministration.CertificateRunAs">
          <Name>OMS Administration Certificate Profile</Name>
          <Description>Credentials for Querying OMS for New Management Packs.</Description>
        </DisplayString>
        <DisplayString ElementID="P2P.OMSAdministration.ProxyAcctRunAs">
          <Name>OMS Administration Proxy Profile</Name>
          <Description>Credentials for Communicating through a Proxy and Querying OMS for New Management Packs.</Description>
        </DisplayString>
        <DisplayString ElementID="P2P.OMSAdministration.SDKRunAs">
          <Name>OMS Administration SDK Account</Name>
          <Description>Credentials used for Adding,Removing, and Querying Management Packs</Description>
        </DisplayString>
        <DisplayString ElementID="P2P.OMSAdministration.DisabledMPBs.Group">
          <Name>CHRW - OMS Disabled MP Bundles</Name>
          <Description>Solutions which have an Disabled MPB in them</Description>
        </DisplayString>
        <DisplayString ElementID="P2P.OMSAdministration.DisabledMPBs.Group.DiscoveryRule">
          <Name>Populate CHRW - OMS Disabled MP Bundles</Name>
          <Description>This discovery rule populates the group 'CHRW - OMS Disabled MP Bundles'</Description>
        </DisplayString>
        <DisplayString ElementID="P2P.OMSAdministration.DisabledMP.Group">
          <Name>CHRW - OMS Disabled MPs</Name>
          <Description>all Disabled MPs</Description>
        </DisplayString>
        <DisplayString ElementID="P2P.OMSAdministration.DisabledMP.Group.DiscoveryRule">
          <Name>Populate CHRW - OMS Disabled MPs</Name>
          <Description>This discovery rule populates the group 'CHRW - OMS Disabled MPs'</Description>
        </DisplayString>
        <DisplayString ElementID="P2P.OMSAdministration.EnabledMPBs.Group">
          <Name>CHRW - OMS Enabled MP Bundles</Name>
          <Description>Solutions which have an Enabled MPB in them</Description>
        </DisplayString>
        <DisplayString ElementID="P2P.OMSAdministration.EnabledMPBs.Group.DiscoveryRule">
          <Name>Populate CHRW - OMS Enabled MP Bundles</Name>
          <Description>This discovery rule populates the group 'CHRW - OMS Enabled MP Bundles'</Description>
        </DisplayString>
        <DisplayString ElementID="P2P.OMSAdministration.EnabledMP.Group">
          <Name>CHRW - OMS Enabled MPs</Name>
          <Description>all Enabled MPs</Description>
        </DisplayString>
        <DisplayString ElementID="P2P.OMSAdministration.EnabledMP.Group.DiscoveryRule">
          <Name>Populate CHRW - OMS Enabled MPs</Name>
          <Description>This discovery rule populates the group 'CHRW - OMS Enabled MPs'</Description>
        </DisplayString>
        <DisplayString ElementID="P2P.OMSAdministration">
          <Name>CHRW Custom OMS Administration Library</Name>
          <Description>CHRW Custom OMS Administration Settings and Controls over the Default installation</Description>
        </DisplayString>
      </DisplayStrings>
      <KnowledgeArticles></KnowledgeArticles>
    </LanguagePack>
  </LanguagePacks>
  <Resources>
    <DeployableAssembly ID="P2P.OMSAdministration.AdvisorCommon" QualifiedName="Microsoft.SystemCenter.Advisor.Common, Version=7.0.5000.7, Culture=neutral, PublicKeyToken=31bf3856ad364e35" FileName="Microsoft.SystemCenter.Advisor.Common.dll" Accessibility="Public" HasNullStream="false" />
    <DeployableAssembly ID="P2P.OMSAdministration.AdvisorCore" QualifiedName="Microsoft.SystemCenter.Advisor.Core.Module, Version=1.2.1269.0, Culture=neutral, PublicKeyToken=31bf3856ad364e35" FileName="Microsoft.SystemCenter.Advisor.Core.Module.dll" Accessibility="Public" HasNullStream="false" />
  </Resources>
</ManagementPack>