<?xml version="1.0" encoding="utf-8"?>
<ManagementPack SchemaVersion="2.0" ContentReadable="true" xmlns:xsd="http://www.w3.org/2001/XMLSchema">
  <Manifest>
    <Identity>
      <ID>P2P.OMSAdministration.Tasks</ID>
      <Version>1.4.1.3</Version>
    </Identity>
    <Name>P2P.OMSAdministration.Tasks</Name>
    <References>
      <Reference Alias="SC">
        <ID>Microsoft.SystemCenter.Library</ID>
        <Version>7.0.8433.0</Version>
        <PublicKeyToken>31bf3856ad364e35</PublicKeyToken>
      </Reference>
      <Reference Alias="Windows">
        <ID>Microsoft.Windows.Library</ID>
        <Version>7.5.8501.0</Version>
        <PublicKeyToken>31bf3856ad364e35</PublicKeyToken>
      </Reference>
      <Reference Alias="System">
        <ID>System.Library</ID>
        <Version>7.5.8501.0</Version>
        <PublicKeyToken>31bf3856ad364e35</PublicKeyToken>
      </Reference>
      <Reference Alias="P2PAdmin">
        <ID>P2P.OMSAdministration</ID>
        <Version>1.3.2.3</Version>
        <PublicKeyToken>4f5cc0b37933bfad</PublicKeyToken>
      </Reference>
    </References>
  </Manifest>
  <TypeDefinitions>
    <ModuleTypes>
      <WriteActionModuleType ID="P2P.OMSAdministration.Tasks.ScheduledInstallAction" Accessibility="Public" Batching="false">
        <Configuration>
          <xsd:element name="MPName" type="xsd:string" xmlns:xsd="http://www.w3.org/2001/XMLSchema" />
          <xsd:element name="InstallDateTime" type="xsd:string" xmlns:xsd="http://www.w3.org/2001/XMLSchema" />
        </Configuration>
        <OverrideableParameters>
          <OverrideableParameter ID="InstallationDateTime" Selector="$Config/InstallDateTime$" ParameterType="string" />
        </OverrideableParameters>
        <ModuleImplementation Isolation="Any">
          <Composite>
            <MemberModules>
              <WriteAction ID="RunPS" TypeID="Windows!Microsoft.Windows.PowerShellWriteAction">
                <ScriptName>GenerateOMSPacks.PS1</ScriptName>
                <ScriptBody>param([DateTime]$InstallDate,[String]$MPName)

[datetime]$run  = [system.Datetime]::Parse($InstallDate)
$expire = $run.AddSeconds(1).ToString('s')
$action = New-ScheduledTaskAction -Execute 'Powershell.exe' -Argument '-NoProfile -WindowStyle Hidden -command "&amp; {Write-EventLog -LogName ''OMS Admin Extensions'' -Source OMSAdminSetup -EntryType Information -EventId 7102 -Message "Install AntiMalware" -Category 60}"'
$trigger = New-ScheduledTaskTrigger -At $run -Once
$settings = New-ScheduledTaskSettingsSet
$settings.DeleteExpiredTaskAfter = "PT0S"
$task = New-ScheduledTask -Action $action -Trigger $trigger -Settings $settings -Description "This task will install the $MPName at the scheduled time"
$task.Triggers[0].EndBoundary = $expire
Register-ScheduledTask -TaskName "Install $MPName on Schedule" -TaskPath "\" -InputObject $task</ScriptBody>
                <Parameters>
                  <Parameter>
                    <Name>InstallDate</Name>
                    <Value>$Config/InstallDateTime$</Value>
                  </Parameter>
                  <Parameter>
                    <Name>MPName</Name>
                    <Value>$Config/MPName$</Value>
                  </Parameter>
                </Parameters>
                <TimeoutSeconds>300</TimeoutSeconds>
              </WriteAction>
            </MemberModules>
            <Composition>
              <Node ID="RunPS" />
            </Composition>
          </Composite>
        </ModuleImplementation>
        <InputType>System!System.BaseData</InputType>
      </WriteActionModuleType>
    </ModuleTypes>
  </TypeDefinitions>
  <Monitoring>
    <Rules>
      <Rule ID="P2P.OMSAdministration.Tasks.DownloadRule" Enabled="true" Target="P2PAdmin!P2P.OMSAdministration.Classes.OMSManagementPack" ConfirmDelivery="false" Remotable="true" Priority="Normal" DiscardLevel="100">
        <Category>Maintenance</Category>
        <DataSources>
          <DataSource ID="DS" TypeID="Windows!Microsoft.Windows.EventProvider">
            <LogName>OMS Admin Extensions</LogName>
            <AllowProxying>true</AllowProxying>
            <Expression>
              <And>
                <Expression>
                  <SimpleExpression>
                    <ValueExpression>
                      <XPathQuery Type="UnsignedInteger">EventDisplayNumber</XPathQuery>
                    </ValueExpression>
                    <Operator>Equal</Operator>
                    <ValueExpression>
                      <Value Type="UnsignedInteger">7103</Value>
                    </ValueExpression>
                  </SimpleExpression>
                </Expression>
                <Expression>
                  <SimpleExpression>
                    <ValueExpression>
                      <XPathQuery Type="String">PublisherName</XPathQuery>
                    </ValueExpression>
                    <Operator>Equal</Operator>
                    <ValueExpression>
                      <Value Type="String">OMSAdminSetup</Value>
                    </ValueExpression>
                  </SimpleExpression>
                </Expression>
                <Expression>
                  <SimpleExpression>
                    <ValueExpression>
                      <XPathQuery>Params/Param[1]</XPathQuery>
                    </ValueExpression>
                    <Operator>Equal</Operator>
                    <ValueExpression>
                      <Value>Download $Target/Property[Type="P2PAdmin!P2P.OMSAdministration.Classes.OMSManagementPack"]/MPName$</Value>
                    </ValueExpression>
                  </SimpleExpression>
                </Expression>
              </And>
            </Expression>
          </DataSource>
        </DataSources>
        <WriteActions>
          <WriteAction ID="WA" RunAs="P2PAdmin!P2P.OMSAdministration.SDKRunAs" TypeID="Windows!Microsoft.Windows.PowerShellWriteAction">
            <ScriptName>DownloadMPB.ps1</ScriptName>
            <ScriptBody>Param([string]$certificateString,[string]$proxyUserName,[string]$proxyUserPassword,[string]$proxyUserDomain,[String]$filepaths,[String]$MPBName,[String]$DownloadURL,[String]$IsDynamic)

$Error.Clear()

function GetPathandLoadLibrary([String]$FilePaths,[String]$LibName)
    {
        Try
            {
                [String]$LibraryLocation
                $FilePathArray = $FilePaths.Split(",")
                $DllPath = $FilePathArray | ? {$_ -match $LibName}
                If ($DllPath.Length -lt 5) {Throw "Can't find the file path"}
                Else
                    {
                        $DLLBytes = [System.IO.File]::ReadAllBytes($DllPath)
                        [System.Reflection.Assembly]::Load($DLLBytes)
                    }
            }
        Catch
            {
                $api.LogScriptEvent("DiscoverOMSMPs.ps1",2000,1,"Failed to get Library $_")
            }
    }

#fingers crossed, String to Boolean
[boolean]$IsDynamic = [System.Boolean]::Parse($IsDynamic)

Write-Host "Attempting to download $MPBName"
Import-Module OperationsManager -ErrorAction SilentlyContinue
$setupKey = Get-Item -Path "HKLM:\Software\Microsoft\Microsoft Operations Manager\3.0\Setup"
$installDirectory = $setupKey.GetValue("InstallDirectory") | Split-Path
$psmPath = $installdirectory + ‘\Powershell\OperationsManager\OperationsManager.psm1’
Import-Module $psmPath -ErrorAction SilentlyContinue

New-SCOMManagementGroupConnection 'localhost' -ErrorAction Stop

[String]$MPLocation =  ([System.IO.Path]::GetTempFileName()).Replace('.tmp',$MPBName) #Its a Surprise!
$webClient = New-Object System.Net.WebClient

Write-EventLog -LogName 'OMS Admin Extensions' -Source OMSAdminSetup -EntryType Information -EventId 7130 -Message "Downloading $MPBName from $DownloadURL" -Category 60	
If ($IsDynamic -eq 'True')
    {
		GetPathandLoadLibrary -FilePaths $FilePaths -LibName 'Microsoft.SystemCenter.Advisor.Common.dll'
		GetPathandLoadLibrary -FilePaths $FilePaths -LibName 'Microsoft.SystemCenter.Advisor.Core.Module.dll'

        [Microsoft.EnterpriseManagement.ManagementGroup] $managementGroup = Get-SCOMManagementGroup;
        [Microsoft.SystemCenter.Advisor.Core.WebService.IntelligenceServiceSettings]$Settings = New-Object Microsoft.SystemCenter.Advisor.Core.WebService.IntelligenceServiceSettings($ManagementGroup, $certificateString, $proxyUserDomain, $proxyUserName, $proxyUserPassword)
        $Client = New-Object -TypeName Microsoft.SystemCenter.Advisor.Core.WebService.IntelligenceServiceClient($Settings);
        [System.Array]$DynPackBytes = New-Object System.Byte[] 0                
        $DynPackBytes = $Client.GetDynamicManagementPack($MPName)
        [System.IO.File]::WriteAllBytes($MPLocation,$DynPackBytes)
    }
Else
    {
        $webClient.DownloadFile($DownloadURL,$MPLocation) 
    }

[string]$ErrorCount = $Error.Count
$EVTMessage = "Completed Pack Download; The error count was $ErrorCount;"
Write-EventLog -LogName 'OMS Admin Extensions' -Source OMSAdminSetup -EntryType Information -EventId 7131 -Message $EVTMessage
If ($Error -ne'0')
	{
		ForEach ($ER in $Error)
			{
				$ERString = $ER.tostring()
				$EVTMessage = "Pack Download Error: $ERString;"
				Write-EventLog -LogName 'OMS Admin Extensions' -Source OMSAdminSetup -EntryType Error -EventId 7139 -Message $EVTMessage
			}
	}</ScriptBody>
            <SnapIns />
            <Parameters>
              <Parameter>
                <Name>certificateString</Name>
                <Value>$RunAs[Name="P2PAdmin!P2P.OMSAdministration.CertificateRunAs"]/Data$</Value>
              </Parameter>
              <Parameter>
                <Name>proxyUserName</Name>
                <Value>$RunAs[Name="P2PAdmin!P2P.OMSAdministration.ProxyAcctRunAs"]/UserName$</Value>
              </Parameter>
              <Parameter>
                <Name>ProxyUserPassword</Name>
                <Value>$RunAs[Name="P2PAdmin!P2P.OMSAdministration.ProxyAcctRunAs"]/Password$</Value>
              </Parameter>
              <Parameter>
                <Name>ProxyUserDomain</Name>
                <Value>$RunAs[Name="P2PAdmin!P2P.OMSAdministration.ProxyAcctRunAs"]/Domain$</Value>
              </Parameter>
              <Parameter>
                <Name>filepaths</Name>
                <Value>$FileResource[Name="P2PAdmin!P2P.OMSAdministration.AdvisorCommon"]/Path$,$FileResource[Name="P2PAdmin!P2P.OMSAdministration.AdvisorCore"]/Path$</Value>
              </Parameter>
              <Parameter>
                <Name>MPBName</Name>
                <Value>$Target/Host/Property[Type="P2PAdmin!P2P.OMSAdministration.Classes.OMSManagementPackBundle"]/MPBName$</Value>
              </Parameter>
              <Parameter>
                <Name>DownloadURL</Name>
                <Value>$Target/Host/Property[Type="P2PAdmin!P2P.OMSAdministration.Classes.OMSManagementPackBundle"]/DownloadURL$</Value>
              </Parameter>
              <Parameter>
                <Name>IsDynamic</Name>
                <Value>$Target/Host/Property[Type="P2PAdmin!P2P.OMSAdministration.Classes.OMSManagementPackBundle"]/IsDynamic$</Value>
              </Parameter>
            </Parameters>
            <TimeoutSeconds>300</TimeoutSeconds>
          </WriteAction>
        </WriteActions>
      </Rule>
      <Rule ID="P2P.OMSAdministration.Tasks.InstallRule" Enabled="true" Target="P2PAdmin!P2P.OMSAdministration.Classes.OMSManagementPack" ConfirmDelivery="false" Remotable="true" Priority="Normal" DiscardLevel="100">
        <Category>Maintenance</Category>
        <DataSources>
          <DataSource ID="DS" TypeID="Windows!Microsoft.Windows.EventProvider">
            <LogName>OMS Admin Extensions</LogName>
            <AllowProxying>true</AllowProxying>
            <Expression>
              <And>
                <Expression>
                  <SimpleExpression>
                    <ValueExpression>
                      <XPathQuery Type="UnsignedInteger">EventDisplayNumber</XPathQuery>
                    </ValueExpression>
                    <Operator>Equal</Operator>
                    <ValueExpression>
                      <Value Type="UnsignedInteger">7102</Value>
                    </ValueExpression>
                  </SimpleExpression>
                </Expression>
                <Expression>
                  <SimpleExpression>
                    <ValueExpression>
                      <XPathQuery Type="String">PublisherName</XPathQuery>
                    </ValueExpression>
                    <Operator>Equal</Operator>
                    <ValueExpression>
                      <Value Type="String">OMSAdminSetup</Value>
                    </ValueExpression>
                  </SimpleExpression>
                </Expression>
                <Expression>
                  <SimpleExpression>
                    <ValueExpression>
                      <XPathQuery>Params/Param[1]</XPathQuery>
                    </ValueExpression>
                    <Operator>Equal</Operator>
                    <ValueExpression>
                      <Value>Install $Target/Property[Type="P2PAdmin!P2P.OMSAdministration.Classes.OMSManagementPack"]/MPName$</Value>
                    </ValueExpression>
                  </SimpleExpression>
                </Expression>
              </And>
            </Expression>
          </DataSource>
        </DataSources>
        <WriteActions>
          <WriteAction ID="WA" RunAs="P2PAdmin!P2P.OMSAdministration.SDKRunAs" TypeID="Windows!Microsoft.Windows.PowerShellWriteAction">
            <ScriptName>InstallMPB.ps1</ScriptName>
            <ScriptBody>Param([string]$certificateString,[string]$proxyUserName,[string]$proxyUserPassword,[string]$proxyUserDomain,[String]$filepaths,[String]$MPBName,[String]$DownloadURL,[String]$IsDynamic, [String]$SolutionName)

$Error.Clear()

function GetPathandLoadLibrary([String]$FilePaths,[String]$LibName)
    {
        Try
            {
                [String]$LibraryLocation
                $FilePathArray = $FilePaths.Split(",")
                $DllPath = $FilePathArray | ? {$_ -match $LibName}
                If ($DllPath.Length -lt 5) {Throw "Can't find the file path"}
                Else
                    {
                        $DLLBytes = [System.IO.File]::ReadAllBytes($DllPath)
                        [System.Reflection.Assembly]::Load($DLLBytes)
                    }
            }
        Catch
            {
                $api.LogScriptEvent("DiscoverOMSMPs.ps1",2000,1,"Failed to get Library $_")
            }
    }


Write-EventLog -LogName 'OMS Admin Extensions' -Source OMSAdminSetup -EntryType Information -EventId 7120 -Message "Installing $MPBName from $DownloadURL" -Category 60	

Import-Module OperationsManager -ErrorAction SilentlyContinue
$setupKey = Get-Item -Path "HKLM:\Software\Microsoft\Microsoft Operations Manager\3.0\Setup"
$installDirectory = $setupKey.GetValue("InstallDirectory") | Split-Path
$psmPath = $installdirectory + ‘\Powershell\OperationsManager\OperationsManager.psm1’
Import-Module $psmPath -ErrorAction SilentlyContinue

New-SCOMManagementGroupConnection 'localhost' -ErrorAction Stop

#fingers crossed, String to Boolean
[boolean]$IsDynamic = [System.Boolean]::Parse($IsDynamic)

[String]$MPLocation =  ([System.IO.Path]::GetTempFileName()).Replace('.tmp',$MPBName) #Its a Surprise!
$webClient = New-Object System.Net.WebClient

If ($IsDynamic -eq 'True')
    {
		GetPathandLoadLibrary -FilePaths $FilePaths -LibName 'Microsoft.SystemCenter.Advisor.Common.dll'
		GetPathandLoadLibrary -FilePaths $FilePaths -LibName 'Microsoft.SystemCenter.Advisor.Core.Module.dll'

        [Microsoft.EnterpriseManagement.ManagementGroup] $managementGroup = Get-SCOMManagementGroup;
        [Microsoft.SystemCenter.Advisor.Core.WebService.IntelligenceServiceSettings]$Settings = New-Object Microsoft.SystemCenter.Advisor.Core.WebService.IntelligenceServiceSettings($ManagementGroup, $certificateString, $proxyUserDomain, $proxyUserName, $proxyUserPassword)
        $Client = New-Object -TypeName Microsoft.SystemCenter.Advisor.Core.WebService.IntelligenceServiceClient($Settings);
        [System.Array]$DynPackBytes = New-Object System.Byte[] 0                
        $DynPackBytes = $Client.GetDynamicManagementPack($MPName)
        [System.IO.File]::WriteAllBytes($MPLocation,$DynPackBytes)
    }
Else
    {
        $webClient.DownloadFile($DownloadURL,$MPLocation) 
    }

Import-SCOMManagementPack $MPLocation


try
    {
        Remove-Item $MPLocation -ErrorAction SilentlyContinue
    }
Catch
    {
		Write-Host "Failed to remove the Temp file located at $MPLocation, OpsMgr likely has a lock on the MPB"
        #Lets Try to Remove this, It will Likely fail as OpsMgr is going to Lock the file.
    }

[string]$ErrorCount = $Error.Count
$EVTMessage = "Completed Pack Installation; The error count was $ErrorCount;"
Write-EventLog -LogName 'OMS Admin Extensions' -Source OMSAdminSetup -EntryType Information -EventId 7121 -Message $EVTMessage
$EVTMessage = "Generate Admin Pack For $SolutionName"
Write-EventLog -LogName 'OMS Admin Extensions' -Source OMSAdminSetup -EntryType Information -EventId 5105 -Message $EVTMessage
If ($Error -ne'0')
	{
		ForEach ($ER in $Error)
			{
				$ERString = $ER.tostring()
				$EVTMessage = "Pack Installation Error: $ERString;"
				Write-EventLog -LogName 'OMS Admin Extensions' -Source OMSAdminSetup -EntryType Error -EventId 7129 -Message $EVTMessage
			}
	}</ScriptBody>
            <SnapIns />
            <Parameters>
              <Parameter>
                <Name>certificateString</Name>
                <Value>$RunAs[Name="P2PAdmin!P2P.OMSAdministration.CertificateRunAs"]/Data$</Value>
              </Parameter>
              <Parameter>
                <Name>proxyUserName</Name>
                <Value>$RunAs[Name="P2PAdmin!P2P.OMSAdministration.ProxyAcctRunAs"]/UserName$</Value>
              </Parameter>
              <Parameter>
                <Name>ProxyUserPassword</Name>
                <Value>$RunAs[Name="P2PAdmin!P2P.OMSAdministration.ProxyAcctRunAs"]/Password$</Value>
              </Parameter>
              <Parameter>
                <Name>ProxyUserDomain</Name>
                <Value>$RunAs[Name="P2PAdmin!P2P.OMSAdministration.ProxyAcctRunAs"]/Domain$</Value>
              </Parameter>
              <Parameter>
                <Name>filepaths</Name>
                <Value>$FileResource[Name="P2PAdmin!P2P.OMSAdministration.AdvisorCommon"]/Path$,$FileResource[Name="P2PAdmin!P2P.OMSAdministration.AdvisorCore"]/Path$</Value>
              </Parameter>
              <Parameter>
                <Name>MPBName</Name>
                <Value>$Target/Host/Property[Type="P2PAdmin!P2P.OMSAdministration.Classes.OMSManagementPackBundle"]/MPBName$</Value>
              </Parameter>
              <Parameter>
                <Name>DownloadURL</Name>
                <Value>$Target/Host/Property[Type="P2PAdmin!P2P.OMSAdministration.Classes.OMSManagementPackBundle"]/DownloadURL$</Value>
              </Parameter>
              <Parameter>
                <Name>IsDynamic</Name>
                <Value>$Target/Host/Property[Type="P2PAdmin!P2P.OMSAdministration.Classes.OMSManagementPackBundle"]/IsDynamic$</Value>
              </Parameter>
              <Parameter>
                <Name>Solution</Name>
                <Value>$Target/Host/Host/Property[Type="System!System.Entity"]/DisplayName$</Value>
              </Parameter>
            </Parameters>
            <TimeoutSeconds>300</TimeoutSeconds>
          </WriteAction>
        </WriteActions>
      </Rule>
    </Rules>
    <Tasks>
      <Task ID="P2P.OMSAdministration.Tasks.DownloadMPB" Accessibility="Internal" Target="P2PAdmin!P2P.OMSAdministration.Classes.OMSManagementPack" Enabled="true" Timeout="300" Remotable="true">
        <Category>Maintenance</Category>
        <WriteAction ID="WA" TypeID="Windows!Microsoft.Windows.PowerShellWriteAction">
          <ScriptName>DownloadMPBTask.ps1</ScriptName>
          <ScriptBody><![CDATA[param([String]$WhatAction,[String]$PackName)
#Create the Event Log we will use
function SetupOMSAdminLog()
    {
        New-EventLog -LogName 'OMS Admin Extensions' -Source OMSAdminScript -ErrorAction SilentlyContinue
        New-EventLog -LogName 'OMS Admin Extensions' -Source OMSAdminSetup -ErrorAction SilentlyContinue
        New-EventLog -LogName 'OMS Admin Extensions' -Source OMSAdminConsole -ErrorAction SilentlyContinue
        Limit-EventLog -OverflowAction OverWriteAsNeeded -MaximumSize 4096KB -LogName 'OMS Admin Extensions'
        Write-EventLog -LogName 'OMS Admin Extensions' -Source OMSAdminScript -EntryType Information -EventId 1002 -Message "OMS Admin EventLog, Source OMSAdminScript has been configured!" -Category 100
        Write-EventLog -LogName 'OMS Admin Extensions' -Source OMSAdminSetup -EntryType Information -EventId 1003 -Message "OMS Admin EventLog, Source OMSAdminSetup has been configured!" -Category 100
        Write-EventLog -LogName 'OMS Admin Extensions' -Source OMSAdminConsole -EntryType Information -EventId 1004 -Message "OMS Admin EventLog, Source OMSAdminConsole has been configured!" -Category 100
    }

Try
    {
        $OMSLog = Get-EventLog -LogName 'OMS Admin Extensions' -Newest 1 -ErrorAction SilentlyContinue
    }
Catch
    {
        SetupOMSAdminLog
    }

If ($OMSLog -eq $null)
    {
        Try
            {
                SetupOMSAdminLog
            }
        Catch
            {
                #If we get here we've got issues, not sure which ones though.
            }
    }

If ($WhatAction -eq 'Install')
	{
		Write-EventLog -LogName 'OMS Admin Extensions' -Source OMSAdminSetup -EntryType Information -EventId 7102 -Message "Install $PackName" -Category 60	
		Write-Host "Install Request Queued"
	}
ElseIf ($WhatAction -eq 'Download')
	{
		Write-EventLog -LogName 'OMS Admin Extensions' -Source OMSAdminSetup -EntryType Information -EventId 7103 -Message "Download $PackName" -Category 60	
		Write-Host "Download Request Queued"
		$TempPath =  [System.IO.Path]::GetTempPath() #Its a Surprise!
		[String]$MPLocation = $TempPath + $MPBName
		Write-Host "Your file should be at $MPLocation, on the Management Server hosting this DA Soon."
		#this needs some love
	}]]></ScriptBody>
          <SnapIns />
          <Parameters>
            <Parameter>
              <Name>WhatAction</Name>
              <Value>Download</Value>
            </Parameter>
            <Parameter>
              <Name>PackName</Name>
              <Value>$Target/Property[Type="P2PAdmin!P2P.OMSAdministration.Classes.OMSManagementPack"]/MPName$</Value>
            </Parameter>
          </Parameters>
          <TimeoutSeconds>300</TimeoutSeconds>
        </WriteAction>
      </Task>
      <Task ID="P2P.OMSAdministration.Tasks.DeleteMP" Accessibility="Internal" Target="P2PAdmin!P2P.OMSAdministration.Classes.OMSManagementPack" Enabled="true" Timeout="300" Remotable="true">
        <Category>Maintenance</Category>
        <WriteAction ID="WA" TypeID="Windows!Microsoft.Windows.PowerShellWriteAction" RunAs="P2PAdmin!P2P.OMSAdministration.SDKRunAs">
          <ScriptName>Remove MP.ps1</ScriptName>
          <ScriptBody><![CDATA[Param([String]$ManagementPackName,[String]$SolutionName)

Import-Module OperationsManager -ErrorAction SilentlyContinue
$setupKey = Get-Item -Path "HKLM:\Software\Microsoft\Microsoft Operations Manager\3.0\Setup"
$installDirectory = $setupKey.GetValue("InstallDirectory") | Split-Path
$psmPath = $installdirectory + ‘\Powershell\OperationsManager\OperationsManager.psm1’
Import-Module $psmPath -ErrorAction SilentlyContinue

New-SCOMManagementGroupConnection 'localhost' -ErrorAction Stop

#Produce IDs so we can clean our pack.
$CleanDisplayName = $SolutionName.Replace('.','')
$MPID = "P2P.OMSAdministration.SolutionControl.$CleanDisplayName"

Write-EventLog -LogName 'OMS Admin Extensions' -Source OMSAdminSetup -EntryType Information -EventId 5600 -Message "Deleting Management Pack $ManagementPackName for Solution $SolutionName" -Category 50

$FoundMP = $null
Try
    {
		#Before we go further, check for Installed Pack
		$FoundMP = $MG.GetManagementPacks($MPID)
		If ($FoundMP -ne $null)
			{
				$PackInstallDate = $FoundMP.TimeCreated.ToLocalTime().ToString()
				Write-EventLog -LogName 'OMS Admin Extensions' -Source OMSAdminSetup -EntryType Information -EventId 5650 -Message "We found the pack $MPID for $SolutionName, it was installed on $PackInstallDate.  This will be deleted as part of the Process." -Category 50
				Remove-SCOMManagementPack -ManagementPack $FoundMP -ErrorAction SilentlyContinue	
			}
		Else
			{
				Write-EventLog -LogName 'OMS Admin Extensions' -Source OMSAdminSetup -EntryType Information -EventId 5651 -Message "We did not find the Override pack $MPID for $SolutionName" -Category 50
			}
    }
Catch
    {
        Write-EventLog -LogName 'OMS Admin Extensions' -Source OMSAdminSetup -EntryType Information -EventId 5651 -Message "We did not find the Override pack $MPID for $SolutionName" -Category 50
    }

Get-SCOMManagementPack -Name $ManagementPackName | Remove-SCOMManagementPack

[string]$ErrorCount = $Error.Count
Write-Host "Task Completed; The error count was $ErrorCount;"
If ($Error -ne'0')
	{
		ForEach ($ER in $Error)
			{
				$ERString = $ER.tostring()
				Write-Host $ERString
			}
	}]]></ScriptBody>
          <SnapIns />
          <Parameters>
            <Parameter>
              <Name>ManagementPackName</Name>
              <Value>$Target/Property[Type="P2PAdmin!P2P.OMSAdministration.Classes.OMSManagementPack"]/MPName$</Value>
            </Parameter>
            <Parameter>
              <Name>SolutionName</Name>
              <Value>$Target/Host/Host/Property[Type="System!System.Entity"]/DisplayName$</Value>
            </Parameter>
          </Parameters>
          <TimeoutSeconds>300</TimeoutSeconds>
          <StrictErrorHandling>true</StrictErrorHandling>
        </WriteAction>
      </Task>
      <Task ID="P2P.OMSAdministration.Tasks.StartMPGeneration" Accessibility="Internal" Target="P2PAdmin!P2P.OMSAdministration.Classes.OMSSolution" Enabled="true" Timeout="300" Remotable="true">
        <Category>Maintenance</Category>
        <WriteAction ID="WA" TypeID="Windows!Microsoft.Windows.PowerShellWriteAction" RunAs="P2PAdmin!P2P.OMSAdministration.SDKRunAs">
          <ScriptName>Remove MP.ps1</ScriptName>
          <ScriptBody><![CDATA[Param([String]$SolutionName)
$EVTMessage = "Generate Admin Pack For $SolutionName"
Write-EventLog -LogName 'OMS Admin Extensions' -Source OMSAdminSetup -EntryType Information -EventId 5105 -Message $EVTMessage
Write-Host "Request has been queued to Generate a Admin Pack for $SolutionName"
]]></ScriptBody>
          <SnapIns />
          <Parameters>
            <Parameter>
              <Name>SolutionName</Name>
              <Value>$Target/Property[Type="System!System.Entity"]/DisplayName$</Value>
            </Parameter>
          </Parameters>
          <TimeoutSeconds>300</TimeoutSeconds>
          <StrictErrorHandling>true</StrictErrorHandling>
        </WriteAction>
      </Task>
      <Task ID="P2P.OMSAdministration.Tasks.AddOMSCertRef" Accessibility="Internal" Target="SC!Microsoft.SystemCenter.RootManagementServer" Enabled="true" Timeout="300" Remotable="true">
        <Category>Maintenance</Category>
        <WriteAction ID="WA" TypeID="Windows!Microsoft.Windows.PowerShellWriteAction" RunAs="P2PAdmin!P2P.OMSAdministration.SDKRunAs">
          <ScriptName>Add Secure Reference.ps1</ScriptName>
          <ScriptBody><![CDATA[if ($env:PSModulePath -notlike "*\PowerShell\OperationsManager*") {
$setupKey = Get-Item -Path "HKLM:\Software\Microsoft\Microsoft Operations Manager\3.0\Setup"
$installDirectory = $setupKey.GetValue("InstallDirectory") | Split-Path
$psmPath = $installdirectory + ‘\Powershell\OperationsManager\OperationsManager.psm1’
Import-Module $psmPath
}

$RAAccount = Get-SCOMRunAsAccount -Name 'Microsoft.SystemCenter.Advisor.RunAsAccount.Certificate'
$RAProfile = Get-SCOMRunAsProfile -Name 'P2P.OMSAdministration.CertificateRunAs'
Try 
    {
        $TargetClass = Get-SCOMClass -Name 'P2P.OMSAdministration.Classes.OMSInstallation'
        Set-SCOMRunAsProfile -Action "Add" -Profile $RAProfile -Account $RAAccount -Class $TargetClass
    }
Catch
    {
        #we Already have this in our profile and there doesn't appear to be a way to detect it
    }
Try 
    {
        $TargetClass = Get-SCOMClass -Name 'P2P.OMSAdministration.Classes.OMSManagementPackBundle'
        Set-SCOMRunAsProfile -Action "Add" -Profile $RAProfile -Account $RAAccount -Class $TargetClass
    }
Catch
    {
        #we Already have this in our profile and there doesn't appear to be a way to detect it
    }
Try 
    {
        $TargetClass = Get-SCOMClass -Name 'P2P.OMSAdministration.Classes.OMSSolution'
        Set-SCOMRunAsProfile -Action "Add" -Profile $RAProfile -Account $RAAccount -Class $TargetClass
    }
Catch
    {
        #we Already have this in our profile and there doesn't appear to be a way to detect it
    }
Try 
    {
        $TargetClass = Get-SCOMClass -Name 'P2P.OMSAdministration.Classes.OMSManagementPack'
        Set-SCOMRunAsProfile -Action "Add" -Profile $RAProfile -Account $RAAccount -Class $TargetClass
    }
Catch
    {
        #we Already have this in our profile and there doesn't appear to be a way to detect it
    }
Try 
    {
        $TargetClass = Get-SCOMClass -Name 'Microsoft.SystemCenter.RootManagementServer'
        Set-SCOMRunAsProfile -Action "Add" -Profile $RAProfile -Account $RAAccount -Class $TargetClass
    }
Catch
    {
        #we Already have this in our profile and there doesn't appear to be a way to detect it
    }]]></ScriptBody>
          <SnapIns />
          <Parameters />
          <TimeoutSeconds>300</TimeoutSeconds>
          <StrictErrorHandling>true</StrictErrorHandling>
        </WriteAction>
      </Task>
      <Task ID="P2P.OMSAdministration.Tasks.ScheduleInstall" Accessibility="Internal" Target="P2PAdmin!P2P.OMSAdministration.Classes.OMSManagementPack" Enabled="true" Timeout="300" Remotable="true">
        <Category>Maintenance</Category>
        <WriteAction ID="WA" TypeID="P2P.OMSAdministration.Tasks.ScheduledInstallAction">
          <MPName>$Target/Property[Type="P2PAdmin!P2P.OMSAdministration.Classes.OMSManagementPack"]/MPName$</MPName>
          <InstallDateTime>01/02/2016 18:50</InstallDateTime>
        </WriteAction>
      </Task>
      <Task ID="P2P.OMSAdministration.Tasks.InstallMPB" Accessibility="Internal" Target="P2PAdmin!P2P.OMSAdministration.Classes.OMSManagementPack" Enabled="true" Timeout="300" Remotable="true">
        <Category>Maintenance</Category>
        <WriteAction ID="WA" TypeID="Windows!Microsoft.Windows.PowerShellWriteAction">
          <ScriptName>InstallMPBTask.ps1</ScriptName>
          <ScriptBody><![CDATA[param([String]$WhatAction,[String]$PackName)
#Create the Event Log we will use
function SetupOMSAdminLog()
    {
        New-EventLog -LogName 'OMS Admin Extensions' -Source OMSAdminScript -ErrorAction SilentlyContinue
        New-EventLog -LogName 'OMS Admin Extensions' -Source OMSAdminSetup -ErrorAction SilentlyContinue
        New-EventLog -LogName 'OMS Admin Extensions' -Source OMSAdminConsole -ErrorAction SilentlyContinue
        Limit-EventLog -OverflowAction OverWriteAsNeeded -MaximumSize 4096KB -LogName 'OMS Admin Extensions'
        Write-EventLog -LogName 'OMS Admin Extensions' -Source OMSAdminScript -EntryType Information -EventId 1002 -Message "OMS Admin EventLog, Source OMSAdminScript has been configured!" -Category 100
        Write-EventLog -LogName 'OMS Admin Extensions' -Source OMSAdminSetup -EntryType Information -EventId 1003 -Message "OMS Admin EventLog, Source OMSAdminSetup has been configured!" -Category 100
        Write-EventLog -LogName 'OMS Admin Extensions' -Source OMSAdminConsole -EntryType Information -EventId 1004 -Message "OMS Admin EventLog, Source OMSAdminConsole has been configured!" -Category 100
    }

Try
    {
        $OMSLog = Get-EventLog -LogName 'OMS Admin Extensions' -Newest 1 -ErrorAction SilentlyContinue
    }
Catch
    {
        SetupOMSAdminLog
    }

If ($OMSLog -eq $null)
    {
        Try
            {
                SetupOMSAdminLog
            }
        Catch
            {
                #If we get here we've got issues, not sure which ones though.
            }
    }

If ($WhatAction -eq 'Install')
	{
		Write-EventLog -LogName 'OMS Admin Extensions' -Source OMSAdminSetup -EntryType Information -EventId 7102 -Message "Install $PackName" -Category 60	
		Write-Host "Install Request Queued"
	}
ElseIf ($WhatAction -eq 'Download')
	{
		Write-EventLog -LogName 'OMS Admin Extensions' -Source OMSAdminSetup -EntryType Information -EventId 7103 -Message "Download $PackName" -Category 60	
		Write-Host "Download Request Queued"
		$TempPath =  [System.IO.Path]::GetTempPath() #Its a Surprise!
		[String]$MPLocation = $TempPath + $MPBName
		Write-Host "Your file should be at $MPLocation, on the Management Server hosting this DA Soon."
		#this needs some love
	}]]></ScriptBody>
          <SnapIns />
          <Parameters>
            <Parameter>
              <Name>WhatAction</Name>
              <Value>Install</Value>
            </Parameter>
            <Parameter>
              <Name>PackName</Name>
              <Value>$Target/Property[Type="P2PAdmin!P2P.OMSAdministration.Classes.OMSManagementPack"]/MPName$</Value>
            </Parameter>
          </Parameters>
          <TimeoutSeconds>300</TimeoutSeconds>
        </WriteAction>
      </Task>
    </Tasks>
  </Monitoring>
  <LanguagePacks>
    <LanguagePack ID="ENU" IsDefault="true">
      <DisplayStrings>
        <DisplayString ElementID="P2P.OMSAdministration.Tasks.ScheduledInstallAction">
          <Name>Schedule MP Install</Name>
          <Description>Schedule a Install of the Targeted MP for a later time</Description>
        </DisplayString>
        <DisplayString ElementID="P2P.OMSAdministration.Tasks.ScheduledInstallAction" SubElementID="InstallationDateTime">
          <Name>Installation Time</Name>
          <Description>Use a Standard time that System.DateTime can Parse</Description>
        </DisplayString>
        <DisplayString ElementID="P2P.OMSAdministration.Tasks.DownloadRule">
          <Name>Event Triggered MP Download Rule</Name>
          <Description>Event Triggered Rule performs the Download of OMS MP</Description>
        </DisplayString>
        <DisplayString ElementID="P2P.OMSAdministration.Tasks.InstallRule">
          <Name>Event Triggered MPB Install</Name>
          <Description>Event Triggered Rule installs the OMS MPB</Description>
        </DisplayString>
        <DisplayString ElementID="P2P.OMSAdministration.Tasks.StartMPGeneration">
          <Name>Force Override Pack Generation/Update</Name>
          <Description>Forces the generation or update of the matching override pack.</Description>
        </DisplayString>
        <DisplayString ElementID="P2P.OMSAdministration.Tasks.ScheduleInstall">
          <Name>Schedule MP Install</Name>
          <Description>Schedule a MP Install</Description>
        </DisplayString>
        <DisplayString ElementID="P2P.OMSAdministration.Tasks">
          <Name>P2P OMSAdministration Tasks</Name>
          <Description>Tasks assist in management of the OMS Packs</Description>
        </DisplayString>
        <DisplayString ElementID="P2P.OMSAdministration.Tasks.DownloadMPB">
          <Name>Download MPB from OMS</Name>
          <Description>Download an MPB From OMS Online to Your ManagementGroup</Description>
        </DisplayString>
        <DisplayString ElementID="P2P.OMSAdministration.Tasks.DeleteMP">
          <Name>Remove OMS MP</Name>
          <Description>Removes the Targeted MP From Your ManagementGroup</Description>
        </DisplayString>
        <DisplayString ElementID="P2P.OMSAdministration.Tasks.AddOMSCertRef">
          <Name>Add OMS Admin Secure References</Name>
          <Description>Adds the OMS Access Certificate to the Run-As Profile for the OMS Administration MP</Description>
        </DisplayString>
        <DisplayString ElementID="P2P.OMSAdministration.Tasks.InstallMPB">
          <Name>Install MPB from OMS</Name>
          <Description>Install an MPB From OMS Online to Your ManagementGroup</Description>
        </DisplayString>
      </DisplayStrings>
      <KnowledgeArticles></KnowledgeArticles>
    </LanguagePack>
  </LanguagePacks>
</ManagementPack>